name,category,ministry,state_coverage,benefits_summary,description
National Welfare Scheme 1 (MSME),MSME,"Ministry of Micro, Small and Medium Enterprises",Karnataka,Provides financial grants and support resources for the msme sector.,"This scheme aims to empower eligible citizens under the msme domain by offering structured monetary assistance, skill enhancement programs, and direct developmental benefits."
National Welfare Scheme 2 (Finance),Finance,Ministry of Health and Family Welfare,Maharashtra,Provides financial grants and support resources for the finance sector.,"This scheme aims to empower eligible citizens under the finance domain by offering structured monetary assistance, skill enhancement programs, and direct developmental benefits."
National Welfare Scheme 3 (Education),Education,Ministry of Agriculture & Farmers Welfare,Uttar Pradesh,Provides financial grants and support resources for the education sector.,"This scheme aims to empower eligible citizens under the education domain by offering structured monetary assistance, skill enhancement programs, and direct developmental benefits."
National Welfare Scheme 4 (Finance),Finance,Ministry of Finance,Gujarat,Provides financial grants and support resources for the finance sector.,"This scheme aims to empower eligible citizens under the finance domain by offering structured monetary assistance, skill enhancement programs, and direct developmental benefits."
National Welfare Scheme 5 (Health),Health,Ministry of Agriculture & Farmers Welfare,Gujarat,Provides financial grants and support resources for the health sector.,"This scheme aims to empower eligible citizens under the health domain by offering structured monetary assistance, skill enhancement programs, and direct developmental benefits."
National Welfare Scheme 6 (MSME),MSME,Ministry of Health and Family Welfare,Maharashtra,Provides financial grants and support resources for the msme sector.,"This scheme aims to empower eligible citizens under the msme domain by offering structured monetary assistance, skill enhancement programs, and direct developmental benefits."
National Welfare Scheme 7 (Agriculture),Agriculture,Ministry of Health and Family Welfare,Gujarat,Provides financial grants and support resources for the agriculture sector.,"This scheme aims to empower eligible citizens under the agriculture domain by offering structured monetary assistance, skill enhancement programs, and direct developmental benefits."
National Welfare Scheme 8 (MSME),MSME,Ministry of Agriculture & Farmers Welfare,Karnataka,Provides financial grants and support resources for the msme sector.,"This scheme aims to empower eligible citizens under the msme domain by offering structured monetary assistance, skill enhancement programs, and direct developmental benefits."
National Welfare Scheme 9 (Agriculture),Agriculture,Ministry of Education,Uttar Pradesh,Provides financial grants and support resources for the agriculture sector.,"This scheme aims to empower eligible citizens under the agriculture domain by offering structured monetary assistance, skill enhancement programs, and direct developmental benefits."
National Welfare Scheme 10 (Agriculture),Agriculture,Ministry of Education,Maharashtra,Provides financial grants and support resources for the agriculture sector.,"This scheme aims to empower eligible citizens under the agriculture domain by offering structured monetary assistance, skill enhancement programs, and direct developmental benefits."
National Welfare Scheme 11 (Health),Health,Ministry of Finance,Uttar Pradesh,Provides financial grants and support resources for the health sector.,"This scheme aims to empower eligible citizens under the health domain by offering structured monetary assistance, skill enhancement programs, and direct developmental benefits."
National Welfare Scheme 12 (Finance),Finance,Ministry of Agriculture & Farmers Welfare,Gujarat,Provides financial grants and support resources for the finance sector.,"This scheme aims to empower eligible citizens under the finance domain by offering structured monetary assistance, skill enhancement programs, and direct developmental benefits."
National Welfare Scheme 13 (Health),Health,Ministry of Finance,All India,Provides financial grants and support resources for the health sector.,"This scheme aims to empower eligible citizens under the health domain by offering structured monetary assistance, skill enhancement programs, and direct developmental benefits."
National Welfare Scheme 14 (Health),Health,Ministry of Agriculture & Farmers Welfare,All India,Provides financial grants and support resources for the health sector.,"This scheme aims to empower eligible citizens under the health domain by offering structured monetary assistance, skill enhancement programs, and direct developmental benefits."
National Welfare Scheme 15 (MSME),MSME,Ministry of Finance,Bihar,Provides financial grants and support resources for the msme sector.,"This scheme aims to empower eligible citizens under the msme domain by offering structured monetary assistance, skill enhancement programs, and direct developmental benefits."
National Welfare Scheme 16 (Health),Health,Ministry of Agriculture & Farmers Welfare,Gujarat,Provides financial grants and support resources for the health sector.,"This scheme aims to empower eligible citizens under the health domain by offering structured monetary assistance, skill enhancement programs, and direct developmental benefits."
National Welfare Scheme 17 (MSME),MSME,Ministry of Health and Family Welfare,Karnataka,Provides financial grants and support resources for the msme sector.,"This scheme aims to empower eligible citizens under the msme domain by offering structured monetary assistance, skill enhancement programs, and direct developmental benefits."
National Welfare Scheme 18 (Agriculture),Agriculture,Ministry of Education,Maharashtra,Provides financial grants and support resources for the agriculture sector.,"This scheme aims to empower eligible citizens under the agriculture domain by offering structured monetary assistance, skill enhancement programs, and direct developmental benefits."
National Welfare Scheme 19 (Finance),Finance,Ministry of Education,Bihar,Provides financial grants and support resources for the finance sector.,"This scheme aims to empower eligible citizens under the finance domain by offering structured monetary assistance, skill enhancement programs, and direct developmental benefits."
National Welfare Scheme 20 (MSME),MSME,"Ministry of Micro, Small and Medium Enterprises",Bihar,Provides financial grants and support resources for the msme sector.,"This scheme aims to empower eligible citizens under the msme domain by offering structured monetary assistance, skill enhancement programs, and direct developmental benefits."
National Welfare Scheme 21 (MSME),MSME,"Ministry of Micro, Small and Medium Enterprises",Bihar,Provides financial grants and support resources for the msme sector.,"This scheme aims to empower eligible citizens under the msme domain by offering structured monetary assistance, skill enhancement programs, and direct developmental benefits."
National Welfare Scheme 22 (Health),Health,Ministry of Health and Family Welfare,Maharashtra,Provides financial grants and support resources for the health sector.,"This scheme aims to empower eligible citizens under the health domain by offering structured monetary assistance, skill enhancement programs, and direct developmental benefits."
National Welfare Scheme 23 (Health),Health,Ministry of Agriculture & Farmers Welfare,All India,Provides financial grants and support resources for the health sector.,"This scheme aims to empower eligible citizens under the health domain by offering structured monetary assistance, skill enhancement programs, and direct developmental benefits."
National Welfare Scheme 24 (Health),Health,"Ministry of Micro, Small and Medium Enterprises",Karnataka,Provides financial grants and support resources for the health sector.,"This scheme aims to empower eligible citizens under the health domain by offering structured monetary assistance, skill enhancement programs, and direct developmental benefits."
National Welfare Scheme 25 (MSME),MSME,"Ministry of Micro, Small and Medium Enterprises",Maharashtra,Provides financial grants and support resources for the msme sector.,"This scheme aims to empower eligible citizens under the msme domain by offering structured monetary assistance, skill enhancement programs, and direct developmental benefits."
National Welfare Scheme 26 (MSME),MSME,Ministry of Education,Uttar Pradesh,Provides financial grants and support resources for the msme sector.,"This scheme aims to empower eligible citizens under the msme domain by offering structured monetary assistance, skill enhancement programs, and direct developmental benefits."
National Welfare Scheme 27 (Finance),Finance,Ministry of Health and Family Welfare,Gujarat,Provides financial grants and support resources for the finance sector.,"This scheme aims to empower eligible citizens under the finance domain by offering structured monetary assistance, skill enhancement programs, and direct developmental benefits."
National Welfare Scheme 28 (MSME),MSME,Ministry of Education,Uttar Pradesh,Provides financial grants and support resources for the msme sector.,"This scheme aims to empower eligible citizens under the msme domain by offering structured monetary assistance, skill enhancement programs, and direct developmental benefits."
National Welfare Scheme 29 (Agriculture),Agriculture,"Ministry of Micro, Small and Medium Enterprises",Karnataka,Provides financial grants and support resources for the agriculture sector.,"This scheme aims to empower eligible citizens under the agriculture domain by offering structured monetary assistance, skill enhancement programs, and direct developmental benefits."
National Welfare Scheme 30 (Health),Health,"Ministry of Micro, Small and Medium Enterprises",Maharashtra,Provides financial grants and support resources for the health sector.,"This scheme aims to empower eligible citizens under the health domain by offering structured monetary assistance, skill enhancement programs, and direct developmental benefits."
National Welfare Scheme 31 (Finance),Finance,Ministry of Health and Family Welfare,Uttar Pradesh,Provides financial grants and support resources for the finance sector.,"This scheme aims to empower eligible citizens under the finance domain by offering structured monetary assistance, skill enhancement programs, and direct developmental benefits."
National Welfare Scheme 32 (Agriculture),Agriculture,"Ministry of Micro, Small and Medium Enterprises",Karnataka,Provides financial grants and support resources for the agriculture sector.,"This scheme aims to empower eligible citizens under the agriculture domain by offering structured monetary assistance, skill enhancement programs, and direct developmental benefits."
National Welfare Scheme 33 (MSME),MSME,Ministry of Agriculture & Farmers Welfare,Bihar,Provides financial grants and support resources for the msme sector.,"This scheme aims to empower eligible citizens under the msme domain by offering structured monetary assistance, skill enhancement programs, and direct developmental benefits."
National Welfare Scheme 34 (Education),Education,"Ministry of Micro, Small and Medium Enterprises",All India,Provides financial grants and support resources for the education sector.,"This scheme aims to empower eligible citizens under the education domain by offering structured monetary assistance, skill enhancement programs, and direct developmental benefits."
National Welfare Scheme 35 (Health),Health,Ministry of Health and Family Welfare,Karnataka,Provides financial grants and support resources for the health sector.,"This scheme aims to empower eligible citizens under the health domain by offering structured monetary assistance, skill enhancement programs, and direct developmental benefits."
National Welfare Scheme 36 (Education),Education,Ministry of Health and Family Welfare,Karnataka,Provides financial grants and support resources for the education sector.,"This scheme aims to empower eligible citizens under the education domain by offering structured monetary assistance, skill enhancement programs, and direct developmental benefits."
National Welfare Scheme 37 (Agriculture),Agriculture,Ministry of Education,Maharashtra,Provides financial grants and support resources for the agriculture sector.,"This scheme aims to empower eligible citizens under the agriculture domain by offering structured monetary assistance, skill enhancement programs, and direct developmental benefits."
National Welfare Scheme 38 (Health),Health,Ministry of Health and Family Welfare,Karnataka,Provides financial grants and support resources for the health sector.,"This scheme aims to empower eligible citizens under the health domain by offering structured monetary assistance, skill enhancement programs, and direct developmental benefits."
National Welfare Scheme 39 (MSME),MSME,Ministry of Education,Bihar,Provides financial grants and support resources for the msme sector.,"This scheme aims to empower eligible citizens under the msme domain by offering structured monetary assistance, skill enhancement programs, and direct developmental benefits."
National Welfare Scheme 40 (Agriculture),Agriculture,Ministry of Agriculture & Farmers Welfare,Maharashtra,Provides financial grants and support resources for the agriculture sector.,"This scheme aims to empower eligible citizens under the agriculture domain by offering structured monetary assistance, skill enhancement programs, and direct developmental benefits."
National Welfare Scheme 41 (Finance),Finance,"Ministry of Micro, Small and Medium Enterprises",Uttar Pradesh,Provides financial grants and support resources for the finance sector.,"This scheme aims to empower eligible citizens under the finance domain by offering structured monetary assistance, skill enhancement programs, and direct developmental benefits."
National Welfare Scheme 42 (Education),Education,"Ministry of Micro, Small and Medium Enterprises",Karnataka,Provides financial grants and support resources for the education sector.,"This scheme aims to empower eligible citizens under the education domain by offering structured monetary assistance, skill enhancement programs, and direct developmental benefits."
National Welfare Scheme 43 (Finance),Finance,"Ministry of Micro, Small and Medium Enterprises",Karnataka,Provides financial grants and support resources for the finance sector.,"This scheme aims to empower eligible citizens under the finance domain by offering structured monetary assistance, skill enhancement programs, and direct developmental benefits."
National Welfare Scheme 44 (Education),Education,"Ministry of Micro, Small and Medium Enterprises",Bihar,Provides financial grants and support resources for the education sector.,"This scheme aims to empower eligible citizens under the education domain by offering structured monetary assistance, skill enhancement programs, and direct developmental benefits."
National Welfare Scheme 45 (MSME),MSME,Ministry of Education,Karnataka,Provides financial grants and support resources for the msme sector.,"This scheme aims to empower eligible citizens under the msme domain by offering structured monetary assistance, skill enhancement programs, and direct developmental benefits."
National Welfare Scheme 46 (Finance),Finance,Ministry of Agriculture & Farmers Welfare,Bihar,Provides financial grants and support resources for the finance sector.,"This scheme aims to empower eligible citizens under the finance domain by offering structured monetary assistance, skill enhancement programs, and direct developmental benefits."
National Welfare Scheme 47 (Health),Health,Ministry of Agriculture & Farmers Welfare,Karnataka,Provides financial grants and support resources for the health sector.,"This scheme aims to empower eligible citizens under the health domain by offering structured monetary assistance, skill enhancement programs, and direct developmental benefits."
National Welfare Scheme 48 (Finance),Finance,Ministry of Education,Maharashtra,Provides financial grants and support resources for the finance sector.,"This scheme aims to empower eligible citizens under the finance domain by offering structured monetary assistance, skill enhancement programs, and direct developmental benefits."
National Welfare Scheme 49 (Health),Health,Ministry of Finance,Uttar Pradesh,Provides financial grants and support resources for the health sector.,"This scheme aims to empower eligible citizens under the health domain by offering structured monetary assistance, skill enhancement programs, and direct developmental benefits."
National Welfare Scheme 50 (Agriculture),Agriculture,Ministry of Finance,Bihar,Provides financial grants and support resources for the agriculture sector.,"This scheme aims to empower eligible citizens under the agriculture domain by offering structured monetary assistance, skill enhancement programs, and direct developmental benefits."
National Welfare Scheme 51 (Finance),Finance,Ministry of Education,Karnataka,Provides financial grants and support resources for the finance sector.,"This scheme aims to empower eligible citizens under the finance domain by offering structured monetary assistance, skill enhancement programs, and direct developmental benefits."
National Welfare Scheme 52 (Agriculture),Agriculture,Ministry of Agriculture & Farmers Welfare,Gujarat,Provides financial grants and support resources for the agriculture sector.,"This scheme aims to empower eligible citizens under the agriculture domain by offering structured monetary assistance, skill enhancement programs, and direct developmental benefits."
National Welfare Scheme 53 (MSME),MSME,Ministry of Finance,Bihar,Provides financial grants and support resources for the msme sector.,"This scheme aims to empower eligible citizens under the msme domain by offering structured monetary assistance, skill enhancement programs, and direct developmental benefits."
National Welfare Scheme 54 (Education),Education,"Ministry of Micro, Small and Medium Enterprises",All India,Provides financial grants and support resources for the education sector.,"This scheme aims to empower eligible citizens under the education domain by offering structured monetary assistance, skill enhancement programs, and direct developmental benefits."
National Welfare Scheme 55 (Finance),Finance,Ministry of Health and Family Welfare,Karnataka,Provides financial grants and support resources for the finance sector.,"This scheme aims to empower eligible citizens under the finance domain by offering structured monetary assistance, skill enhancement programs, and direct developmental benefits."
National Welfare Scheme 56 (Health),Health,Ministry of Finance,Maharashtra,Provides financial grants and support resources for the health sector.,"This scheme aims to empower eligible citizens under the health domain by offering structured monetary assistance, skill enhancement programs, and direct developmental benefits."
National Welfare Scheme 57 (Agriculture),Agriculture,Ministry of Health and Family Welfare,All India,Provides financial grants and support resources for the agriculture sector.,"This scheme aims to empower eligible citizens under the agriculture domain by offering structured monetary assistance, skill enhancement programs, and direct developmental benefits."
National Welfare Scheme 58 (Agriculture),Agriculture,Ministry of Finance,All India,Provides financial grants and support resources for the agriculture sector.,"This scheme aims to empower eligible citizens under the agriculture domain by offering structured monetary assistance, skill enhancement programs, and direct developmental benefits."
National Welfare Scheme 59 (MSME),MSME,Ministry of Health and Family Welfare,Uttar Pradesh,Provides financial grants and support resources for the msme sector.,"This scheme aims to empower eligible citizens under the msme domain by offering structured monetary assistance, skill enhancement programs, and direct developmental benefits."
National Welfare Scheme 60 (Finance),Finance,Ministry of Health and Family Welfare,All India,Provides financial grants and support resources for the finance sector.,"This scheme aims to empower eligible citizens under the finance domain by offering structured monetary assistance, skill enhancement programs, and direct developmental benefits."
National Welfare Scheme 61 (Agriculture),Agriculture,Ministry of Agriculture & Farmers Welfare,Gujarat,Provides financial grants and support resources for the agriculture sector.,"This scheme aims to empower eligible citizens under the agriculture domain by offering structured monetary assistance, skill enhancement programs, and direct developmental benefits."
National Welfare Scheme 62 (Education),Education,Ministry of Agriculture & Farmers Welfare,Karnataka,Provides financial grants and support resources for the education sector.,"This scheme aims to empower eligible citizens under the education domain by offering structured monetary assistance, skill enhancement programs, and direct developmental benefits."
National Welfare Scheme 63 (Health),Health,Ministry of Finance,Gujarat,Provides financial grants and support resources for the health sector.,"This scheme aims to empower eligible citizens under the health domain by offering structured monetary assistance, skill enhancement programs, and direct developmental benefits."
National Welfare Scheme 64 (Agriculture),Agriculture,"Ministry of Micro, Small and Medium Enterprises",Uttar Pradesh,Provides financial grants and support resources for the agriculture sector.,"This scheme aims to empower eligible citizens under the agriculture domain by offering structured monetary assistance, skill enhancement programs, and direct developmental benefits."
National Welfare Scheme 65 (Finance),Finance,Ministry of Finance,Maharashtra,Provides financial grants and support resources for the finance sector.,"This scheme aims to empower eligible citizens under the finance domain by offering structured monetary assistance, skill enhancement programs, and direct developmental benefits."
National Welfare Scheme 66 (Finance),Finance,"Ministry of Micro, Small and Medium Enterprises",Gujarat,Provides financial grants and support resources for the finance sector.,"This scheme aims to empower eligible citizens under the finance domain by offering structured monetary assistance, skill enhancement programs, and direct developmental benefits."
National Welfare Scheme 67 (Agriculture),Agriculture,Ministry of Agriculture & Farmers Welfare,Bihar,Provides financial grants and support resources for the agriculture sector.,"This scheme aims to empower eligible citizens under the agriculture domain by offering structured monetary assistance, skill enhancement programs, and direct developmental benefits."
National Welfare Scheme 68 (Finance),Finance,Ministry of Finance,Gujarat,Provides financial grants and support resources for the finance sector.,"This scheme aims to empower eligible citizens under the finance domain by offering structured monetary assistance, skill enhancement programs, and direct developmental benefits."
National Welfare Scheme 69 (Health),Health,Ministry of Health and Family Welfare,Maharashtra,Provides financial grants and support resources for the health sector.,"This scheme aims to empower eligible citizens under the health domain by offering structured monetary assistance, skill enhancement programs, and direct developmental benefits."
National Welfare Scheme 70 (MSME),MSME,Ministry of Agriculture & Farmers Welfare,Uttar Pradesh,Provides financial grants and support resources for the msme sector.,"This scheme aims to empower eligible citizens under the msme domain by offering structured monetary assistance, skill enhancement programs, and direct developmental benefits."
National Welfare Scheme 71 (MSME),MSME,Ministry of Health and Family Welfare,All India,Provides financial grants and support resources for the msme sector.,"This scheme aims to empower eligible citizens under the msme domain by offering structured monetary assistance, skill enhancement programs, and direct developmental benefits."
National Welfare Scheme 72 (MSME),MSME,Ministry of Agriculture & Farmers Welfare,Maharashtra,Provides financial grants and support resources for the msme sector.,"This scheme aims to empower eligible citizens under the msme domain by offering structured monetary assistance, skill enhancement programs, and direct developmental benefits."
National Welfare Scheme 73 (Finance),Finance,Ministry of Health and Family Welfare,All India,Provides financial grants and support resources for the finance sector.,"This scheme aims to empower eligible citizens under the finance domain by offering structured monetary assistance, skill enhancement programs, and direct developmental benefits."
National Welfare Scheme 74 (Finance),Finance,Ministry of Finance,All India,Provides financial grants and support resources for the finance sector.,"This scheme aims to empower eligible citizens under the finance domain by offering structured monetary assistance, skill enhancement programs, and direct developmental benefits."
National Welfare Scheme 75 (MSME),MSME,Ministry of Education,Gujarat,Provides financial grants and support resources for the msme sector.,"This scheme aims to empower eligible citizens under the msme domain by offering structured monetary assistance, skill enhancement programs, and direct developmental benefits."
National Welfare Scheme 76 (Health),Health,Ministry of Health and Family Welfare,Bihar,Provides financial grants and support resources for the health sector.,"This scheme aims to empower eligible citizens under the health domain by offering structured monetary assistance, skill enhancement programs, and direct developmental benefits."
National Welfare Scheme 77 (Finance),Finance,Ministry of Health and Family Welfare,Gujarat,Provides financial grants and support resources for the finance sector.,"This scheme aims to empower eligible citizens under the finance domain by offering structured monetary assistance, skill enhancement programs, and direct developmental benefits."
National Welfare Scheme 78 (Agriculture),Agriculture,Ministry of Agriculture & Farmers Welfare,Gujarat,Provides financial grants and support resources for the agriculture sector.,"This scheme aims to empower eligible citizens under the agriculture domain by offering structured monetary assistance, skill enhancement programs, and direct developmental benefits."
National Welfare Scheme 79 (Agriculture),Agriculture,Ministry of Education,Uttar Pradesh,Provides financial grants and support resources for the agriculture sector.,"This scheme aims to empower eligible citizens under the agriculture domain by offering structured monetary assistance, skill enhancement programs, and direct developmental benefits."
National Welfare Scheme 80 (Education),Education,Ministry of Education,Uttar Pradesh,Provides financial grants and support resources for the education sector.,"This scheme aims to empower eligible citizens under the education domain by offering structured monetary assistance, skill enhancement programs, and direct developmental benefits."
National Welfare Scheme 81 (Finance),Finance,Ministry of Agriculture & Farmers Welfare,Uttar Pradesh,Provides financial grants and support resources for the finance sector.,"This scheme aims to empower eligible citizens under the finance domain by offering structured monetary assistance, skill enhancement programs, and direct developmental benefits."
National Welfare Scheme 82 (Agriculture),Agriculture,"Ministry of Micro, Small and Medium Enterprises",Bihar,Provides financial grants and support resources for the agriculture sector.,"This scheme aims to empower eligible citizens under the agriculture domain by offering structured monetary assistance, skill enhancement programs, and direct developmental benefits."
National Welfare Scheme 83 (Agriculture),Agriculture,Ministry of Agriculture & Farmers Welfare,Bihar,Provides financial grants and support resources for the agriculture sector.,"This scheme aims to empower eligible citizens under the agriculture domain by offering structured monetary assistance, skill enhancement programs, and direct developmental benefits."
National Welfare Scheme 84 (MSME),MSME,Ministry of Health and Family Welfare,Karnataka,Provides financial grants and support resources for the msme sector.,"This scheme aims to empower eligible citizens under the msme domain by offering structured monetary assistance, skill enhancement programs, and direct developmental benefits."
National Welfare Scheme 85 (Agriculture),Agriculture,Ministry of Agriculture & Farmers Welfare,Karnataka,Provides financial grants and support resources for the agriculture sector.,"This scheme aims to empower eligible citizens under the agriculture domain by offering structured monetary assistance, skill enhancement programs, and direct developmental benefits."
National Welfare Scheme 86 (Finance),Finance,Ministry of Education,Bihar,Provides financial grants and support resources for the finance sector.,"This scheme aims to empower eligible citizens under the finance domain by offering structured monetary assistance, skill enhancement programs, and direct developmental benefits."
National Welfare Scheme 87 (Health),Health,Ministry of Agriculture & Farmers Welfare,Karnataka,Provides financial grants and support resources for the health sector.,"This scheme aims to empower eligible citizens under the health domain by offering structured monetary assistance, skill enhancement programs, and direct developmental benefits."
National Welfare Scheme 88 (Agriculture),Agriculture,"Ministry of Micro, Small and Medium Enterprises",Karnataka,Provides financial grants and support resources for the agriculture sector.,"This scheme aims to empower eligible citizens under the agriculture domain by offering structured monetary assistance, skill enhancement programs, and direct developmental benefits."
National Welfare Scheme 89 (Health),Health,Ministry of Education,Uttar Pradesh,Provides financial grants and support resources for the health sector.,"This scheme aims to empower eligible citizens under the health domain by offering structured monetary assistance, skill enhancement programs, and direct developmental benefits."
National Welfare Scheme 90 (Agriculture),Agriculture,Ministry of Finance,Bihar,Provides financial grants and support resources for the agriculture sector.,"This scheme aims to empower eligible citizens under the agriculture domain by offering structured monetary assistance, skill enhancement programs, and direct developmental benefits."
National Welfare Scheme 91 (Health),Health,Ministry of Agriculture & Farmers Welfare,Bihar,Provides financial grants and support resources for the health sector.,"This scheme aims to empower eligible citizens under the health domain by offering structured monetary assistance, skill enhancement programs, and direct developmental benefits."
National Welfare Scheme 92 (Health),Health,"Ministry of Micro, Small and Medium Enterprises",All India,Provides financial grants and support resources for the health sector.,"This scheme aims to empower eligible citizens under the health domain by offering structured monetary assistance, skill enhancement programs, and direct developmental benefits."
National Welfare Scheme 93 (Education),Education,"Ministry of Micro, Small and Medium Enterprises",All India,Provides financial grants and support resources for the education sector.,"This scheme aims to empower eligible citizens under the education domain by offering structured monetary assistance, skill enhancement programs, and direct developmental benefits."
National Welfare Scheme 94 (Education),Education,"Ministry of Micro, Small and Medium Enterprises",Gujarat,Provides financial grants and support resources for the education sector.,"This scheme aims to empower eligible citizens under the education domain by offering structured monetary assistance, skill enhancement programs, and direct developmental benefits."
National Welfare Scheme 95 (Health),Health,Ministry of Education,Gujarat,Provides financial grants and support resources for the health sector.,"This scheme aims to empower eligible citizens under the health domain by offering structured monetary assistance, skill enhancement programs, and direct developmental benefits."
National Welfare Scheme 96 (Education),Education,Ministry of Health and Family Welfare,Uttar Pradesh,Provides financial grants and support resources for the education sector.,"This scheme aims to empower eligible citizens under the education domain by offering structured monetary assistance, skill enhancement programs, and direct developmental benefits."
National Welfare Scheme 97 (MSME),MSME,"Ministry of Micro, Small and Medium Enterprises",Bihar,Provides financial grants and support resources for the msme sector.,"This scheme aims to empower eligible citizens under the msme domain by offering structured monetary assistance, skill enhancement programs, and direct developmental benefits."
National Welfare Scheme 98 (Health),Health,"Ministry of Micro, Small and Medium Enterprises",Bihar,Provides financial grants and support resources for the health sector.,"This scheme aims to empower eligible citizens under the health domain by offering structured monetary assistance, skill enhancement programs, and direct developmental benefits."
National Welfare Scheme 99 (Finance),Finance,Ministry of Agriculture & Farmers Welfare,Maharashtra,Provides financial grants and support resources for the finance sector.,"This scheme aims to empower eligible citizens under the finance domain by offering structured monetary assistance, skill enhancement programs, and direct developmental benefits."
National Welfare Scheme 100 (Finance),Finance,Ministry of Education,Uttar Pradesh,Provides financial grants and support resources for the finance sector.,"This scheme aims to empower eligible citizens under the finance domain by offering structured monetary assistance, skill enhancement programs, and direct developmental benefits."
National Welfare Scheme 101 (Agriculture),Agriculture,Ministry of Finance,Bihar,Provides financial grants and support resources for the agriculture sector.,"This scheme aims to empower eligible citizens under the agriculture domain by offering structured monetary assistance, skill enhancement programs, and direct developmental benefits."
National Welfare Scheme 102 (Health),Health,Ministry of Agriculture & Farmers Welfare,Gujarat,Provides financial grants and support resources for the health sector.,"This scheme aims to empower eligible citizens under the health domain by offering structured monetary assistance, skill enhancement programs, and direct developmental benefits."
National Welfare Scheme 103 (MSME),MSME,Ministry of Agriculture & Farmers Welfare,Bihar,Provides financial grants and support resources for the msme sector.,"This scheme aims to empower eligible citizens under the msme domain by offering structured monetary assistance, skill enhancement programs, and direct developmental benefits."
National Welfare Scheme 104 (Agriculture),Agriculture,Ministry of Agriculture & Farmers Welfare,Bihar,Provides financial grants and support resources for the agriculture sector.,"This scheme aims to empower eligible citizens under the agriculture domain by offering structured monetary assistance, skill enhancement programs, and direct developmental benefits."
National Welfare Scheme 105 (Education),Education,Ministry of Education,Gujarat,Provides financial grants and support resources for the education sector.,"This scheme aims to empower eligible citizens under the education domain by offering structured monetary assistance, skill enhancement programs, and direct developmental benefits."
National Welfare Scheme 106 (MSME),MSME,Ministry of Finance,Karnataka,Provides financial grants and support resources for the msme sector.,"This scheme aims to empower eligible citizens under the msme domain by offering structured monetary assistance, skill enhancement programs, and direct developmental benefits."
National Welfare Scheme 107 (Agriculture),Agriculture,Ministry of Education,Uttar Pradesh,Provides financial grants and support resources for the agriculture sector.,"This scheme aims to empower eligible citizens under the agriculture domain by offering structured monetary assistance, skill enhancement programs, and direct developmental benefits."
National Welfare Scheme 108 (Agriculture),Agriculture,"Ministry of Micro, Small and Medium Enterprises",All India,Provides financial grants and support resources for the agriculture sector.,"This scheme aims to empower eligible citizens under the agriculture domain by offering structured monetary assistance, skill enhancement programs, and direct developmental benefits."
National Welfare Scheme 109 (Finance),Finance,Ministry of Education,Karnataka,Provides financial grants and support resources for the finance sector.,"This scheme aims to empower eligible citizens under the finance domain by offering structured monetary assistance, skill enhancement programs, and direct developmental benefits."
National Welfare Scheme 110 (Education),Education,Ministry of Education,Bihar,Provides financial grants and support resources for the education sector.,"This scheme aims to empower eligible citizens under the education domain by offering structured monetary assistance, skill enhancement programs, and direct developmental benefits."
National Welfare Scheme 111 (Education),Education,"Ministry of Micro, Small and Medium Enterprises",Gujarat,Provides financial grants and support resources for the education sector.,"This scheme aims to empower eligible citizens under the education domain by offering structured monetary assistance, skill enhancement programs, and direct developmental benefits."
National Welfare Scheme 112 (MSME),MSME,Ministry of Education,Karnataka,Provides financial grants and support resources for the msme sector.,"This scheme aims to empower eligible citizens under the msme domain by offering structured monetary assistance, skill enhancement programs, and direct developmental benefits."
National Welfare Scheme 113 (Agriculture),Agriculture,"Ministry of Micro, Small and Medium Enterprises",Karnataka,Provides financial grants and support resources for the agriculture sector.,"This scheme aims to empower eligible citizens under the agriculture domain by offering structured monetary assistance, skill enhancement programs, and direct developmental benefits."
National Welfare Scheme 114 (Health),Health,"Ministry of Micro, Small and Medium Enterprises",Uttar Pradesh,Provides financial grants and support resources for the health sector.,"This scheme aims to empower eligible citizens under the health domain by offering structured monetary assistance, skill enhancement programs, and direct developmental benefits."
National Welfare Scheme 115 (Education),Education,Ministry of Agriculture & Farmers Welfare,Gujarat,Provides financial grants and support resources for the education sector.,"This scheme aims to empower eligible citizens under the education domain by offering structured monetary assistance, skill enhancement programs, and direct developmental benefits."
National Welfare Scheme 116 (Agriculture),Agriculture,Ministry of Finance,Maharashtra,Provides financial grants and support resources for the agriculture sector.,"This scheme aims to empower eligible citizens under the agriculture domain by offering structured monetary assistance, skill enhancement programs, and direct developmental benefits."
National Welfare Scheme 117 (Finance),Finance,Ministry of Agriculture & Farmers Welfare,Karnataka,Provides financial grants and support resources for the finance sector.,"This scheme aims to empower eligible citizens under the finance domain by offering structured monetary assistance, skill enhancement programs, and direct developmental benefits."
National Welfare Scheme 118 (Health),Health,Ministry of Agriculture & Farmers Welfare,Maharashtra,Provides financial grants and support resources for the health sector.,"This scheme aims to empower eligible citizens under the health domain by offering structured monetary assistance, skill enhancement programs, and direct developmental benefits."
National Welfare Scheme 119 (Education),Education,Ministry of Education,Karnataka,Provides financial grants and support resources for the education sector.,"This scheme aims to empower eligible citizens under the education domain by offering structured monetary assistance, skill enhancement programs, and direct developmental benefits."
National Welfare Scheme 120 (MSME),MSME,Ministry of Education,All India,Provides financial grants and support resources for the msme sector.,"This scheme aims to empower eligible citizens under the msme domain by offering structured monetary assistance, skill enhancement programs, and direct developmental benefits."
National Welfare Scheme 121 (Education),Education,"Ministry of Micro, Small and Medium Enterprises",Maharashtra,Provides financial grants and support resources for the education sector.,"This scheme aims to empower eligible citizens under the education domain by offering structured monetary assistance, skill enhancement programs, and direct developmental benefits."
National Welfare Scheme 122 (MSME),MSME,Ministry of Agriculture & Farmers Welfare,Uttar Pradesh,Provides financial grants and support resources for the msme sector.,"This scheme aims to empower eligible citizens under the msme domain by offering structured monetary assistance, skill enhancement programs, and direct developmental benefits."
National Welfare Scheme 123 (Agriculture),Agriculture,Ministry of Health and Family Welfare,Karnataka,Provides financial grants and support resources for the agriculture sector.,"This scheme aims to empower eligible citizens under the agriculture domain by offering structured monetary assistance, skill enhancement programs, and direct developmental benefits."
National Welfare Scheme 124 (Health),Health,Ministry of Health and Family Welfare,All India,Provides financial grants and support resources for the health sector.,"This scheme aims to empower eligible citizens under the health domain by offering structured monetary assistance, skill enhancement programs, and direct developmental benefits."
National Welfare Scheme 125 (Finance),Finance,"Ministry of Micro, Small and Medium Enterprises",Uttar Pradesh,Provides financial grants and support resources for the finance sector.,"This scheme aims to empower eligible citizens under the finance domain by offering structured monetary assistance, skill enhancement programs, and direct developmental benefits."
National Welfare Scheme 126 (Finance),Finance,Ministry of Agriculture & Farmers Welfare,Uttar Pradesh,Provides financial grants and support resources for the finance sector.,"This scheme aims to empower eligible citizens under the finance domain by offering structured monetary assistance, skill enhancement programs, and direct developmental benefits."
National Welfare Scheme 127 (MSME),MSME,Ministry of Finance,Maharashtra,Provides financial grants and support resources for the msme sector.,"This scheme aims to empower eligible citizens under the msme domain by offering structured monetary assistance, skill enhancement programs, and direct developmental benefits."
National Welfare Scheme 128 (Education),Education,"Ministry of Micro, Small and Medium Enterprises",Maharashtra,Provides financial grants and support resources for the education sector.,"This scheme aims to empower eligible citizens under the education domain by offering structured monetary assistance, skill enhancement programs, and direct developmental benefits."
National Welfare Scheme 129 (Finance),Finance,Ministry of Education,Bihar,Provides financial grants and support resources for the finance sector.,"This scheme aims to empower eligible citizens under the finance domain by offering structured monetary assistance, skill enhancement programs, and direct developmental benefits."
National Welfare Scheme 130 (Education),Education,Ministry of Education,Uttar Pradesh,Provides financial grants and support resources for the education sector.,"This scheme aims to empower eligible citizens under the education domain by offering structured monetary assistance, skill enhancement programs, and direct developmental benefits."
National Welfare Scheme 131 (Education),Education,Ministry of Finance,Uttar Pradesh,Provides financial grants and support resources for the education sector.,"This scheme aims to empower eligible citizens under the education domain by offering structured monetary assistance, skill enhancement programs, and direct developmental benefits."
National Welfare Scheme 132 (Education),Education,"Ministry of Micro, Small and Medium Enterprises",Maharashtra,Provides financial grants and support resources for the education sector.,"This scheme aims to empower eligible citizens under the education domain by offering structured monetary assistance, skill enhancement programs, and direct developmental benefits."
National Welfare Scheme 133 (Finance),Finance,Ministry of Health and Family Welfare,Maharashtra,Provides financial grants and support resources for the finance sector.,"This scheme aims to empower eligible citizens under the finance domain by offering structured monetary assistance, skill enhancement programs, and direct developmental benefits."
National Welfare Scheme 134 (Health),Health,Ministry of Health and Family Welfare,Bihar,Provides financial grants and support resources for the health sector.,"This scheme aims to empower eligible citizens under the health domain by offering structured monetary assistance, skill enhancement programs, and direct developmental benefits."
National Welfare Scheme 135 (Health),Health,Ministry of Education,Maharashtra,Provides financial grants and support resources for the health sector.,"This scheme aims to empower eligible citizens under the health domain by offering structured monetary assistance, skill enhancement programs, and direct developmental benefits."
National Welfare Scheme 136 (Health),Health,"Ministry of Micro, Small and Medium Enterprises",All India,Provides financial grants and support resources for the health sector.,"This scheme aims to empower eligible citizens under the health domain by offering structured monetary assistance, skill enhancement programs, and direct developmental benefits."
National Welfare Scheme 137 (Education),Education,"Ministry of Micro, Small and Medium Enterprises",All India,Provides financial grants and support resources for the education sector.,"This scheme aims to empower eligible citizens under the education domain by offering structured monetary assistance, skill enhancement programs, and direct developmental benefits."
National Welfare Scheme 138 (MSME),MSME,Ministry of Health and Family Welfare,Gujarat,Provides financial grants and support resources for the msme sector.,"This scheme aims to empower eligible citizens under the msme domain by offering structured monetary assistance, skill enhancement programs, and direct developmental benefits."
National Welfare Scheme 139 (Agriculture),Agriculture,Ministry of Health and Family Welfare,Bihar,Provides financial grants and support resources for the agriculture sector.,"This scheme aims to empower eligible citizens under the agriculture domain by offering structured monetary assistance, skill enhancement programs, and direct developmental benefits."
National Welfare Scheme 140 (MSME),MSME,Ministry of Agriculture & Farmers Welfare,Uttar Pradesh,Provides financial grants and support resources for the msme sector.,"This scheme aims to empower eligible citizens under the msme domain by offering structured monetary assistance, skill enhancement programs, and direct developmental benefits."
National Welfare Scheme 141 (Education),Education,Ministry of Finance,Karnataka,Provides financial grants and support resources for the education sector.,"This scheme aims to empower eligible citizens under the education domain by offering structured monetary assistance, skill enhancement programs, and direct developmental benefits."
National Welfare Scheme 142 (Health),Health,Ministry of Finance,Bihar,Provides financial grants and support resources for the health sector.,"This scheme aims to empower eligible citizens under the health domain by offering structured monetary assistance, skill enhancement programs, and direct developmental benefits."
National Welfare Scheme 143 (Finance),Finance,Ministry of Agriculture & Farmers Welfare,Maharashtra,Provides financial grants and support resources for the finance sector.,"This scheme aims to empower eligible citizens under the finance domain by offering structured monetary assistance, skill enhancement programs, and direct developmental benefits."
National Welfare Scheme 144 (MSME),MSME,Ministry of Agriculture & Farmers Welfare,Maharashtra,Provides financial grants and support resources for the msme sector.,"This scheme aims to empower eligible citizens under the msme domain by offering structured monetary assistance, skill enhancement programs, and direct developmental benefits."
National Welfare Scheme 145 (Agriculture),Agriculture,Ministry of Finance,Uttar Pradesh,Provides financial grants and support resources for the agriculture sector.,"This scheme aims to empower eligible citizens under the agriculture domain by offering structured monetary assistance, skill enhancement programs, and direct developmental benefits."
National Welfare Scheme 146 (MSME),MSME,Ministry of Education,Bihar,Provides financial grants and support resources for the msme sector.,"This scheme aims to empower eligible citizens under the msme domain by offering structured monetary assistance, skill enhancement programs, and direct developmental benefits."
National Welfare Scheme 147 (Agriculture),Agriculture,Ministry of Health and Family Welfare,Karnataka,Provides financial grants and support resources for the agriculture sector.,"This scheme aims to empower eligible citizens under the agriculture domain by offering structured monetary assistance, skill enhancement programs, and direct developmental benefits."
National Welfare Scheme 148 (Finance),Finance,Ministry of Education,Gujarat,Provides financial grants and support resources for the finance sector.,"This scheme aims to empower eligible citizens under the finance domain by offering structured monetary assistance, skill enhancement programs, and direct developmental benefits."
National Welfare Scheme 149 (Education),Education,Ministry of Education,All India,Provides financial grants and support resources for the education sector.,"This scheme aims to empower eligible citizens under the education domain by offering structured monetary assistance, skill enhancement programs, and direct developmental benefits."
National Welfare Scheme 150 (Agriculture),Agriculture,Ministry of Agriculture & Farmers Welfare,Gujarat,Provides financial grants and support resources for the agriculture sector.,"This scheme aims to empower eligible citizens under the agriculture domain by offering structured monetary assistance, skill enhancement programs, and direct developmental benefits."
National Welfare Scheme 151 (Education),Education,Ministry of Finance,Gujarat,Provides financial grants and support resources for the education sector.,"This scheme aims to empower eligible citizens under the education domain by offering structured monetary assistance, skill enhancement programs, and direct developmental benefits."
National Welfare Scheme 152 (Health),Health,"Ministry of Micro, Small and Medium Enterprises",Karnataka,Provides financial grants and support resources for the health sector.,"This scheme aims to empower eligible citizens under the health domain by offering structured monetary assistance, skill enhancement programs, and direct developmental benefits."
National Welfare Scheme 153 (MSME),MSME,"Ministry of Micro, Small and Medium Enterprises",Gujarat,Provides financial grants and support resources for the msme sector.,"This scheme aims to empower eligible citizens under the msme domain by offering structured monetary assistance, skill enhancement programs, and direct developmental benefits."
National Welfare Scheme 154 (Agriculture),Agriculture,Ministry of Agriculture & Farmers Welfare,Maharashtra,Provides financial grants and support resources for the agriculture sector.,"This scheme aims to empower eligible citizens under the agriculture domain by offering structured monetary assistance, skill enhancement programs, and direct developmental benefits."
National Welfare Scheme 155 (Finance),Finance,Ministry of Education,Bihar,Provides financial grants and support resources for the finance sector.,"This scheme aims to empower eligible citizens under the finance domain by offering structured monetary assistance, skill enhancement programs, and direct developmental benefits."
National Welfare Scheme 156 (Agriculture),Agriculture,Ministry of Finance,All India,Provides financial grants and support resources for the agriculture sector.,"This scheme aims to empower eligible citizens under the agriculture domain by offering structured monetary assistance, skill enhancement programs, and direct developmental benefits."
National Welfare Scheme 157 (Finance),Finance,Ministry of Education,All India,Provides financial grants and support resources for the finance sector.,"This scheme aims to empower eligible citizens under the finance domain by offering structured monetary assistance, skill enhancement programs, and direct developmental benefits."
National Welfare Scheme 158 (Education),Education,"Ministry of Micro, Small and Medium Enterprises",Uttar Pradesh,Provides financial grants and support resources for the education sector.,"This scheme aims to empower eligible citizens under the education domain by offering structured monetary assistance, skill enhancement programs, and direct developmental benefits."
National Welfare Scheme 159 (Finance),Finance,Ministry of Health and Family Welfare,Maharashtra,Provides financial grants and support resources for the finance sector.,"This scheme aims to empower eligible citizens under the finance domain by offering structured monetary assistance, skill enhancement programs, and direct developmental benefits."
National Welfare Scheme 160 (MSME),MSME,Ministry of Education,Karnataka,Provides financial grants and support resources for the msme sector.,"This scheme aims to empower eligible citizens under the msme domain by offering structured monetary assistance, skill enhancement programs, and direct developmental benefits."
National Welfare Scheme 161 (Health),Health,Ministry of Education,Bihar,Provides financial grants and support resources for the health sector.,"This scheme aims to empower eligible citizens under the health domain by offering structured monetary assistance, skill enhancement programs, and direct developmental benefits."
National Welfare Scheme 162 (Education),Education,"Ministry of Micro, Small and Medium Enterprises",Gujarat,Provides financial grants and support resources for the education sector.,"This scheme aims to empower eligible citizens under the education domain by offering structured monetary assistance, skill enhancement programs, and direct developmental benefits."
National Welfare Scheme 163 (Agriculture),Agriculture,Ministry of Health and Family Welfare,All India,Provides financial grants and support resources for the agriculture sector.,"This scheme aims to empower eligible citizens under the agriculture domain by offering structured monetary assistance, skill enhancement programs, and direct developmental benefits."
National Welfare Scheme 164 (Education),Education,Ministry of Education,Maharashtra,Provides financial grants and support resources for the education sector.,"This scheme aims to empower eligible citizens under the education domain by offering structured monetary assistance, skill enhancement programs, and direct developmental benefits."
National Welfare Scheme 165 (Finance),Finance,Ministry of Health and Family Welfare,Gujarat,Provides financial grants and support resources for the finance sector.,"This scheme aims to empower eligible citizens under the finance domain by offering structured monetary assistance, skill enhancement programs, and direct developmental benefits."
National Welfare Scheme 166 (Finance),Finance,Ministry of Agriculture & Farmers Welfare,Karnataka,Provides financial grants and support resources for the finance sector.,"This scheme aims to empower eligible citizens under the finance domain by offering structured monetary assistance, skill enhancement programs, and direct developmental benefits."
National Welfare Scheme 167 (Health),Health,Ministry of Education,Bihar,Provides financial grants and support resources for the health sector.,"This scheme aims to empower eligible citizens under the health domain by offering structured monetary assistance, skill enhancement programs, and direct developmental benefits."
National Welfare Scheme 168 (Agriculture),Agriculture,"Ministry of Micro, Small and Medium Enterprises",Uttar Pradesh,Provides financial grants and support resources for the agriculture sector.,"This scheme aims to empower eligible citizens under the agriculture domain by offering structured monetary assistance, skill enhancement programs, and direct developmental benefits."
National Welfare Scheme 169 (Health),Health,Ministry of Health and Family Welfare,Karnataka,Provides financial grants and support resources for the health sector.,"This scheme aims to empower eligible citizens under the health domain by offering structured monetary assistance, skill enhancement programs, and direct developmental benefits."
National Welfare Scheme 170 (Health),Health,Ministry of Health and Family Welfare,Maharashtra,Provides financial grants and support resources for the health sector.,"This scheme aims to empower eligible citizens under the health domain by offering structured monetary assistance, skill enhancement programs, and direct developmental benefits."
National Welfare Scheme 171 (MSME),MSME,Ministry of Health and Family Welfare,Gujarat,Provides financial grants and support resources for the msme sector.,"This scheme aims to empower eligible citizens under the msme domain by offering structured monetary assistance, skill enhancement programs, and direct developmental benefits."
National Welfare Scheme 172 (Agriculture),Agriculture,Ministry of Finance,Bihar,Provides financial grants and support resources for the agriculture sector.,"This scheme aims to empower eligible citizens under the agriculture domain by offering structured monetary assistance, skill enhancement programs, and direct developmental benefits."
National Welfare Scheme 173 (Finance),Finance,Ministry of Finance,All India,Provides financial grants and support resources for the finance sector.,"This scheme aims to empower eligible citizens under the finance domain by offering structured monetary assistance, skill enhancement programs, and direct developmental benefits."
National Welfare Scheme 174 (Health),Health,Ministry of Health and Family Welfare,Uttar Pradesh,Provides financial grants and support resources for the health sector.,"This scheme aims to empower eligible citizens under the health domain by offering structured monetary assistance, skill enhancement programs, and direct developmental benefits."
National Welfare Scheme 175 (MSME),MSME,Ministry of Health and Family Welfare,Gujarat,Provides financial grants and support resources for the msme sector.,"This scheme aims to empower eligible citizens under the msme domain by offering structured monetary assistance, skill enhancement programs, and direct developmental benefits."
National Welfare Scheme 176 (Health),Health,Ministry of Education,All India,Provides financial grants and support resources for the health sector.,"This scheme aims to empower eligible citizens under the health domain by offering structured monetary assistance, skill enhancement programs, and direct developmental benefits."
National Welfare Scheme 177 (Finance),Finance,Ministry of Finance,Bihar,Provides financial grants and support resources for the finance sector.,"This scheme aims to empower eligible citizens under the finance domain by offering structured monetary assistance, skill enhancement programs, and direct developmental benefits."
National Welfare Scheme 178 (MSME),MSME,Ministry of Education,Maharashtra,Provides financial grants and support resources for the msme sector.,"This scheme aims to empower eligible citizens under the msme domain by offering structured monetary assistance, skill enhancement programs, and direct developmental benefits."
National Welfare Scheme 179 (MSME),MSME,Ministry of Agriculture & Farmers Welfare,All India,Provides financial grants and support resources for the msme sector.,"This scheme aims to empower eligible citizens under the msme domain by offering structured monetary assistance, skill enhancement programs, and direct developmental benefits."
National Welfare Scheme 180 (MSME),MSME,Ministry of Education,Maharashtra,Provides financial grants and support resources for the msme sector.,"This scheme aims to empower eligible citizens under the msme domain by offering structured monetary assistance, skill enhancement programs, and direct developmental benefits."
National Welfare Scheme 181 (Finance),Finance,Ministry of Education,Uttar Pradesh,Provides financial grants and support resources for the finance sector.,"This scheme aims to empower eligible citizens under the finance domain by offering structured monetary assistance, skill enhancement programs, and direct developmental benefits."
National Welfare Scheme 182 (Health),Health,"Ministry of Micro, Small and Medium Enterprises",All India,Provides financial grants and support resources for the health sector.,"This scheme aims to empower eligible citizens under the health domain by offering structured monetary assistance, skill enhancement programs, and direct developmental benefits."
National Welfare Scheme 183 (Education),Education,Ministry of Agriculture & Farmers Welfare,Bihar,Provides financial grants and support resources for the education sector.,"This scheme aims to empower eligible citizens under the education domain by offering structured monetary assistance, skill enhancement programs, and direct developmental benefits."
National Welfare Scheme 184 (MSME),MSME,Ministry of Health and Family Welfare,Gujarat,Provides financial grants and support resources for the msme sector.,"This scheme aims to empower eligible citizens under the msme domain by offering structured monetary assistance, skill enhancement programs, and direct developmental benefits."
National Welfare Scheme 185 (Education),Education,Ministry of Agriculture & Farmers Welfare,All India,Provides financial grants and support resources for the education sector.,"This scheme aims to empower eligible citizens under the education domain by offering structured monetary assistance, skill enhancement programs, and direct developmental benefits."
National Welfare Scheme 186 (Agriculture),Agriculture,Ministry of Health and Family Welfare,Gujarat,Provides financial grants and support resources for the agriculture sector.,"This scheme aims to empower eligible citizens under the agriculture domain by offering structured monetary assistance, skill enhancement programs, and direct developmental benefits."
National Welfare Scheme 187 (Health),Health,"Ministry of Micro, Small and Medium Enterprises",Karnataka,Provides financial grants and support resources for the health sector.,"This scheme aims to empower eligible citizens under the health domain by offering structured monetary assistance, skill enhancement programs, and direct developmental benefits."
National Welfare Scheme 188 (Agriculture),Agriculture,Ministry of Health and Family Welfare,All India,Provides financial grants and support resources for the agriculture sector.,"This scheme aims to empower eligible citizens under the agriculture domain by offering structured monetary assistance, skill enhancement programs, and direct developmental benefits."
National Welfare Scheme 189 (Health),Health,"Ministry of Micro, Small and Medium Enterprises",Karnataka,Provides financial grants and support resources for the health sector.,"This scheme aims to empower eligible citizens under the health domain by offering structured monetary assistance, skill enhancement programs, and direct developmental benefits."
National Welfare Scheme 190 (Education),Education,Ministry of Agriculture & Farmers Welfare,Karnataka,Provides financial grants and support resources for the education sector.,"This scheme aims to empower eligible citizens under the education domain by offering structured monetary assistance, skill enhancement programs, and direct developmental benefits."
National Welfare Scheme 191 (Agriculture),Agriculture,Ministry of Agriculture & Farmers Welfare,Gujarat,Provides financial grants and support resources for the agriculture sector.,"This scheme aims to empower eligible citizens under the agriculture domain by offering structured monetary assistance, skill enhancement programs, and direct developmental benefits."
National Welfare Scheme 192 (Finance),Finance,Ministry of Health and Family Welfare,Maharashtra,Provides financial grants and support resources for the finance sector.,"This scheme aims to empower eligible citizens under the finance domain by offering structured monetary assistance, skill enhancement programs, and direct developmental benefits."
National Welfare Scheme 193 (Education),Education,Ministry of Education,Karnataka,Provides financial grants and support resources for the education sector.,"This scheme aims to empower eligible citizens under the education domain by offering structured monetary assistance, skill enhancement programs, and direct developmental benefits."
National Welfare Scheme 194 (Finance),Finance,Ministry of Finance,Uttar Pradesh,Provides financial grants and support resources for the finance sector.,"This scheme aims to empower eligible citizens under the finance domain by offering structured monetary assistance, skill enhancement programs, and direct developmental benefits."
National Welfare Scheme 195 (Education),Education,Ministry of Finance,Gujarat,Provides financial grants and support resources for the education sector.,"This scheme aims to empower eligible citizens under the education domain by offering structured monetary assistance, skill enhancement programs, and direct developmental benefits."
National Welfare Scheme 196 (Health),Health,Ministry of Agriculture & Farmers Welfare,Maharashtra,Provides financial grants and support resources for the health sector.,"This scheme aims to empower eligible citizens under the health domain by offering structured monetary assistance, skill enhancement programs, and direct developmental benefits."
National Welfare Scheme 197 (Education),Education,Ministry of Education,Uttar Pradesh,Provides financial grants and support resources for the education sector.,"This scheme aims to empower eligible citizens under the education domain by offering structured monetary assistance, skill enhancement programs, and direct developmental benefits."
National Welfare Scheme 198 (MSME),MSME,"Ministry of Micro, Small and Medium Enterprises",Maharashtra,Provides financial grants and support resources for the msme sector.,"This scheme aims to empower eligible citizens under the msme domain by offering structured monetary assistance, skill enhancement programs, and direct developmental benefits."
National Welfare Scheme 199 (Agriculture),Agriculture,Ministry of Health and Family Welfare,Uttar Pradesh,Provides financial grants and support resources for the agriculture sector.,"This scheme aims to empower eligible citizens under the agriculture domain by offering structured monetary assistance, skill enhancement programs, and direct developmental benefits."
National Welfare Scheme 200 (Finance),Finance,Ministry of Agriculture & Farmers Welfare,Maharashtra,Provides financial grants and support resources for the finance sector.,"This scheme aims to empower eligible citizens under the finance domain by offering structured monetary assistance, skill enhancement programs, and direct developmental benefits."
National Welfare Scheme 201 (Finance),Finance,Ministry of Health and Family Welfare,Bihar,Provides financial grants and support resources for the finance sector.,"This scheme aims to empower eligible citizens under the finance domain by offering structured monetary assistance, skill enhancement programs, and direct developmental benefits."
National Welfare Scheme 202 (Education),Education,Ministry of Education,Uttar Pradesh,Provides financial grants and support resources for the education sector.,"This scheme aims to empower eligible citizens under the education domain by offering structured monetary assistance, skill enhancement programs, and direct developmental benefits."
National Welfare Scheme 203 (Health),Health,Ministry of Agriculture & Farmers Welfare,Bihar,Provides financial grants and support resources for the health sector.,"This scheme aims to empower eligible citizens under the health domain by offering structured monetary assistance, skill enhancement programs, and direct developmental benefits."
National Welfare Scheme 204 (MSME),MSME,Ministry of Education,Maharashtra,Provides financial grants and support resources for the msme sector.,"This scheme aims to empower eligible citizens under the msme domain by offering structured monetary assistance, skill enhancement programs, and direct developmental benefits."
National Welfare Scheme 205 (Finance),Finance,"Ministry of Micro, Small and Medium Enterprises",Bihar,Provides financial grants and support resources for the finance sector.,"This scheme aims to empower eligible citizens under the finance domain by offering structured monetary assistance, skill enhancement programs, and direct developmental benefits."
National Welfare Scheme 206 (Health),Health,Ministry of Finance,All India,Provides financial grants and support resources for the health sector.,"This scheme aims to empower eligible citizens under the health domain by offering structured monetary assistance, skill enhancement programs, and direct developmental benefits."
National Welfare Scheme 207 (Finance),Finance,Ministry of Agriculture & Farmers Welfare,Maharashtra,Provides financial grants and support resources for the finance sector.,"This scheme aims to empower eligible citizens under the finance domain by offering structured monetary assistance, skill enhancement programs, and direct developmental benefits."
National Welfare Scheme 208 (Finance),Finance,"Ministry of Micro, Small and Medium Enterprises",Gujarat,Provides financial grants and support resources for the finance sector.,"This scheme aims to empower eligible citizens under the finance domain by offering structured monetary assistance, skill enhancement programs, and direct developmental benefits."
National Welfare Scheme 209 (Health),Health,"Ministry of Micro, Small and Medium Enterprises",Karnataka,Provides financial grants and support resources for the health sector.,"This scheme aims to empower eligible citizens under the health domain by offering structured monetary assistance, skill enhancement programs, and direct developmental benefits."
National Welfare Scheme 210 (Finance),Finance,Ministry of Health and Family Welfare,Uttar Pradesh,Provides financial grants and support resources for the finance sector.,"This scheme aims to empower eligible citizens under the finance domain by offering structured monetary assistance, skill enhancement programs, and direct developmental benefits."
National Welfare Scheme 211 (Agriculture),Agriculture,Ministry of Health and Family Welfare,Uttar Pradesh,Provides financial grants and support resources for the agriculture sector.,"This scheme aims to empower eligible citizens under the agriculture domain by offering structured monetary assistance, skill enhancement programs, and direct developmental benefits."
National Welfare Scheme 212 (MSME),MSME,Ministry of Health and Family Welfare,All India,Provides financial grants and support resources for the msme sector.,"This scheme aims to empower eligible citizens under the msme domain by offering structured monetary assistance, skill enhancement programs, and direct developmental benefits."
National Welfare Scheme 213 (Health),Health,"Ministry of Micro, Small and Medium Enterprises",All India,Provides financial grants and support resources for the health sector.,"This scheme aims to empower eligible citizens under the health domain by offering structured monetary assistance, skill enhancement programs, and direct developmental benefits."
National Welfare Scheme 214 (Education),Education,Ministry of Agriculture & Farmers Welfare,Gujarat,Provides financial grants and support resources for the education sector.,"This scheme aims to empower eligible citizens under the education domain by offering structured monetary assistance, skill enhancement programs, and direct developmental benefits."
National Welfare Scheme 215 (Finance),Finance,"Ministry of Micro, Small and Medium Enterprises",Bihar,Provides financial grants and support resources for the finance sector.,"This scheme aims to empower eligible citizens under the finance domain by offering structured monetary assistance, skill enhancement programs, and direct developmental benefits."
National Welfare Scheme 216 (Finance),Finance,Ministry of Health and Family Welfare,All India,Provides financial grants and support resources for the finance sector.,"This scheme aims to empower eligible citizens under the finance domain by offering structured monetary assistance, skill enhancement programs, and direct developmental benefits."
National Welfare Scheme 217 (Agriculture),Agriculture,"Ministry of Micro, Small and Medium Enterprises",Uttar Pradesh,Provides financial grants and support resources for the agriculture sector.,"This scheme aims to empower eligible citizens under the agriculture domain by offering structured monetary assistance, skill enhancement programs, and direct developmental benefits."
National Welfare Scheme 218 (Education),Education,Ministry of Finance,Maharashtra,Provides financial grants and support resources for the education sector.,"This scheme aims to empower eligible citizens under the education domain by offering structured monetary assistance, skill enhancement programs, and direct developmental benefits."
National Welfare Scheme 219 (Education),Education,Ministry of Finance,Karnataka,Provides financial grants and support resources for the education sector.,"This scheme aims to empower eligible citizens under the education domain by offering structured monetary assistance, skill enhancement programs, and direct developmental benefits."
National Welfare Scheme 220 (MSME),MSME,"Ministry of Micro, Small and Medium Enterprises",Karnataka,Provides financial grants and support resources for the msme sector.,"This scheme aims to empower eligible citizens under the msme domain by offering structured monetary assistance, skill enhancement programs, and direct developmental benefits."
National Welfare Scheme 221 (Agriculture),Agriculture,Ministry of Finance,Gujarat,Provides financial grants and support resources for the agriculture sector.,"This scheme aims to empower eligible citizens under the agriculture domain by offering structured monetary assistance, skill enhancement programs, and direct developmental benefits."
National Welfare Scheme 222 (Education),Education,Ministry of Agriculture & Farmers Welfare,All India,Provides financial grants and support resources for the education sector.,"This scheme aims to empower eligible citizens under the education domain by offering structured monetary assistance, skill enhancement programs, and direct developmental benefits."
National Welfare Scheme 223 (Health),Health,"Ministry of Micro, Small and Medium Enterprises",Gujarat,Provides financial grants and support resources for the health sector.,"This scheme aims to empower eligible citizens under the health domain by offering structured monetary assistance, skill enhancement programs, and direct developmental benefits."
National Welfare Scheme 224 (Agriculture),Agriculture,Ministry of Agriculture & Farmers Welfare,Bihar,Provides financial grants and support resources for the agriculture sector.,"This scheme aims to empower eligible citizens under the agriculture domain by offering structured monetary assistance, skill enhancement programs, and direct developmental benefits."
National Welfare Scheme 225 (Education),Education,Ministry of Finance,Bihar,Provides financial grants and support resources for the education sector.,"This scheme aims to empower eligible citizens under the education domain by offering structured monetary assistance, skill enhancement programs, and direct developmental benefits."
National Welfare Scheme 226 (Finance),Finance,Ministry of Agriculture & Farmers Welfare,Uttar Pradesh,Provides financial grants and support resources for the finance sector.,"This scheme aims to empower eligible citizens under the finance domain by offering structured monetary assistance, skill enhancement programs, and direct developmental benefits."
National Welfare Scheme 227 (Education),Education,Ministry of Education,Maharashtra,Provides financial grants and support resources for the education sector.,"This scheme aims to empower eligible citizens under the education domain by offering structured monetary assistance, skill enhancement programs, and direct developmental benefits."
National Welfare Scheme 228 (Education),Education,Ministry of Finance,All India,Provides financial grants and support resources for the education sector.,"This scheme aims to empower eligible citizens under the education domain by offering structured monetary assistance, skill enhancement programs, and direct developmental benefits."
National Welfare Scheme 229 (Education),Education,Ministry of Education,Karnataka,Provides financial grants and support resources for the education sector.,"This scheme aims to empower eligible citizens under the education domain by offering structured monetary assistance, skill enhancement programs, and direct developmental benefits."
National Welfare Scheme 230 (Agriculture),Agriculture,Ministry of Agriculture & Farmers Welfare,Uttar Pradesh,Provides financial grants and support resources for the agriculture sector.,"This scheme aims to empower eligible citizens under the agriculture domain by offering structured monetary assistance, skill enhancement programs, and direct developmental benefits."
National Welfare Scheme 231 (Education),Education,Ministry of Health and Family Welfare,Bihar,Provides financial grants and support resources for the education sector.,"This scheme aims to empower eligible citizens under the education domain by offering structured monetary assistance, skill enhancement programs, and direct developmental benefits."
National Welfare Scheme 232 (Education),Education,Ministry of Agriculture & Farmers Welfare,All India,Provides financial grants and support resources for the education sector.,"This scheme aims to empower eligible citizens under the education domain by offering structured monetary assistance, skill enhancement programs, and direct developmental benefits."
National Welfare Scheme 233 (Education),Education,Ministry of Finance,Karnataka,Provides financial grants and support resources for the education sector.,"This scheme aims to empower eligible citizens under the education domain by offering structured monetary assistance, skill enhancement programs, and direct developmental benefits."
National Welfare Scheme 234 (Finance),Finance,Ministry of Agriculture & Farmers Welfare,All India,Provides financial grants and support resources for the finance sector.,"This scheme aims to empower eligible citizens under the finance domain by offering structured monetary assistance, skill enhancement programs, and direct developmental benefits."
National Welfare Scheme 235 (Finance),Finance,Ministry of Agriculture & Farmers Welfare,All India,Provides financial grants and support resources for the finance sector.,"This scheme aims to empower eligible citizens under the finance domain by offering structured monetary assistance, skill enhancement programs, and direct developmental benefits."
National Welfare Scheme 236 (Finance),Finance,"Ministry of Micro, Small and Medium Enterprises",Bihar,Provides financial grants and support resources for the finance sector.,"This scheme aims to empower eligible citizens under the finance domain by offering structured monetary assistance, skill enhancement programs, and direct developmental benefits."
National Welfare Scheme 237 (Agriculture),Agriculture,Ministry of Education,Uttar Pradesh,Provides financial grants and support resources for the agriculture sector.,"This scheme aims to empower eligible citizens under the agriculture domain by offering structured monetary assistance, skill enhancement programs, and direct developmental benefits."
National Welfare Scheme 238 (Agriculture),Agriculture,Ministry of Health and Family Welfare,Karnataka,Provides financial grants and support resources for the agriculture sector.,"This scheme aims to empower eligible citizens under the agriculture domain by offering structured monetary assistance, skill enhancement programs, and direct developmental benefits."
National Welfare Scheme 239 (Agriculture),Agriculture,Ministry of Finance,Maharashtra,Provides financial grants and support resources for the agriculture sector.,"This scheme aims to empower eligible citizens under the agriculture domain by offering structured monetary assistance, skill enhancement programs, and direct developmental benefits."
National Welfare Scheme 240 (Health),Health,Ministry of Finance,Gujarat,Provides financial grants and support resources for the health sector.,"This scheme aims to empower eligible citizens under the health domain by offering structured monetary assistance, skill enhancement programs, and direct developmental benefits."
National Welfare Scheme 241 (Education),Education,"Ministry of Micro, Small and Medium Enterprises",Bihar,Provides financial grants and support resources for the education sector.,"This scheme aims to empower eligible citizens under the education domain by offering structured monetary assistance, skill enhancement programs, and direct developmental benefits."
National Welfare Scheme 242 (Agriculture),Agriculture,Ministry of Education,Karnataka,Provides financial grants and support resources for the agriculture sector.,"This scheme aims to empower eligible citizens under the agriculture domain by offering structured monetary assistance, skill enhancement programs, and direct developmental benefits."
National Welfare Scheme 243 (Health),Health,Ministry of Health and Family Welfare,Maharashtra,Provides financial grants and support resources for the health sector.,"This scheme aims to empower eligible citizens under the health domain by offering structured monetary assistance, skill enhancement programs, and direct developmental benefits."
National Welfare Scheme 244 (Agriculture),Agriculture,Ministry of Education,All India,Provides financial grants and support resources for the agriculture sector.,"This scheme aims to empower eligible citizens under the agriculture domain by offering structured monetary assistance, skill enhancement programs, and direct developmental benefits."
National Welfare Scheme 245 (Finance),Finance,Ministry of Agriculture & Farmers Welfare,Gujarat,Provides financial grants and support resources for the finance sector.,"This scheme aims to empower eligible citizens under the finance domain by offering structured monetary assistance, skill enhancement programs, and direct developmental benefits."
National Welfare Scheme 246 (Health),Health,Ministry of Education,Karnataka,Provides financial grants and support resources for the health sector.,"This scheme aims to empower eligible citizens under the health domain by offering structured monetary assistance, skill enhancement programs, and direct developmental benefits."
National Welfare Scheme 247 (Health),Health,Ministry of Education,Maharashtra,Provides financial grants and support resources for the health sector.,"This scheme aims to empower eligible citizens under the health domain by offering structured monetary assistance, skill enhancement programs, and direct developmental benefits."
National Welfare Scheme 248 (MSME),MSME,Ministry of Health and Family Welfare,Bihar,Provides financial grants and support resources for the msme sector.,"This scheme aims to empower eligible citizens under the msme domain by offering structured monetary assistance, skill enhancement programs, and direct developmental benefits."
National Welfare Scheme 249 (Agriculture),Agriculture,"Ministry of Micro, Small and Medium Enterprises",Maharashtra,Provides financial grants and support resources for the agriculture sector.,"This scheme aims to empower eligible citizens under the agriculture domain by offering structured monetary assistance, skill enhancement programs, and direct developmental benefits."
National Welfare Scheme 250 (Education),Education,"Ministry of Micro, Small and Medium Enterprises",Uttar Pradesh,Provides financial grants and support resources for the education sector.,"This scheme aims to empower eligible citizens under the education domain by offering structured monetary assistance, skill enhancement programs, and direct developmental benefits."
National Welfare Scheme 251 (Health),Health,Ministry of Agriculture & Farmers Welfare,All India,Provides financial grants and support resources for the health sector.,"This scheme aims to empower eligible citizens under the health domain by offering structured monetary assistance, skill enhancement programs, and direct developmental benefits."
National Welfare Scheme 252 (Agriculture),Agriculture,Ministry of Health and Family Welfare,Bihar,Provides financial grants and support resources for the agriculture sector.,"This scheme aims to empower eligible citizens under the agriculture domain by offering structured monetary assistance, skill enhancement programs, and direct developmental benefits."
National Welfare Scheme 253 (Education),Education,Ministry of Agriculture & Farmers Welfare,All India,Provides financial grants and support resources for the education sector.,"This scheme aims to empower eligible citizens under the education domain by offering structured monetary assistance, skill enhancement programs, and direct developmental benefits."
National Welfare Scheme 254 (Agriculture),Agriculture,"Ministry of Micro, Small and Medium Enterprises",Gujarat,Provides financial grants and support resources for the agriculture sector.,"This scheme aims to empower eligible citizens under the agriculture domain by offering structured monetary assistance, skill enhancement programs, and direct developmental benefits."
National Welfare Scheme 255 (Health),Health,Ministry of Agriculture & Farmers Welfare,Maharashtra,Provides financial grants and support resources for the health sector.,"This scheme aims to empower eligible citizens under the health domain by offering structured monetary assistance, skill enhancement programs, and direct developmental benefits."
National Welfare Scheme 256 (Agriculture),Agriculture,Ministry of Health and Family Welfare,Gujarat,Provides financial grants and support resources for the agriculture sector.,"This scheme aims to empower eligible citizens under the agriculture domain by offering structured monetary assistance, skill enhancement programs, and direct developmental benefits."
National Welfare Scheme 257 (Health),Health,Ministry of Finance,Karnataka,Provides financial grants and support resources for the health sector.,"This scheme aims to empower eligible citizens under the health domain by offering structured monetary assistance, skill enhancement programs, and direct developmental benefits."
National Welfare Scheme 258 (Education),Education,"Ministry of Micro, Small and Medium Enterprises",Uttar Pradesh,Provides financial grants and support resources for the education sector.,"This scheme aims to empower eligible citizens under the education domain by offering structured monetary assistance, skill enhancement programs, and direct developmental benefits."
National Welfare Scheme 259 (Health),Health,Ministry of Finance,Bihar,Provides financial grants and support resources for the health sector.,"This scheme aims to empower eligible citizens under the health domain by offering structured monetary assistance, skill enhancement programs, and direct developmental benefits."
National Welfare Scheme 260 (Education),Education,Ministry of Health and Family Welfare,Gujarat,Provides financial grants and support resources for the education sector.,"This scheme aims to empower eligible citizens under the education domain by offering structured monetary assistance, skill enhancement programs, and direct developmental benefits."
National Welfare Scheme 261 (Agriculture),Agriculture,Ministry of Agriculture & Farmers Welfare,Karnataka,Provides financial grants and support resources for the agriculture sector.,"This scheme aims to empower eligible citizens under the agriculture domain by offering structured monetary assistance, skill enhancement programs, and direct developmental benefits."
National Welfare Scheme 262 (Health),Health,Ministry of Finance,All India,Provides financial grants and support resources for the health sector.,"This scheme aims to empower eligible citizens under the health domain by offering structured monetary assistance, skill enhancement programs, and direct developmental benefits."
National Welfare Scheme 263 (Finance),Finance,Ministry of Education,Maharashtra,Provides financial grants and support resources for the finance sector.,"This scheme aims to empower eligible citizens under the finance domain by offering structured monetary assistance, skill enhancement programs, and direct developmental benefits."
National Welfare Scheme 264 (Agriculture),Agriculture,Ministry of Health and Family Welfare,All India,Provides financial grants and support resources for the agriculture sector.,"This scheme aims to empower eligible citizens under the agriculture domain by offering structured monetary assistance, skill enhancement programs, and direct developmental benefits."
National Welfare Scheme 265 (Agriculture),Agriculture,Ministry of Education,Karnataka,Provides financial grants and support resources for the agriculture sector.,"This scheme aims to empower eligible citizens under the agriculture domain by offering structured monetary assistance, skill enhancement programs, and direct developmental benefits."
National Welfare Scheme 266 (Finance),Finance,Ministry of Agriculture & Farmers Welfare,Bihar,Provides financial grants and support resources for the finance sector.,"This scheme aims to empower eligible citizens under the finance domain by offering structured monetary assistance, skill enhancement programs, and direct developmental benefits."
National Welfare Scheme 267 (Finance),Finance,Ministry of Finance,All India,Provides financial grants and support resources for the finance sector.,"This scheme aims to empower eligible citizens under the finance domain by offering structured monetary assistance, skill enhancement programs, and direct developmental benefits."
National Welfare Scheme 268 (MSME),MSME,Ministry of Health and Family Welfare,Bihar,Provides financial grants and support resources for the msme sector.,"This scheme aims to empower eligible citizens under the msme domain by offering structured monetary assistance, skill enhancement programs, and direct developmental benefits."
National Welfare Scheme 269 (MSME),MSME,"Ministry of Micro, Small and Medium Enterprises",Uttar Pradesh,Provides financial grants and support resources for the msme sector.,"This scheme aims to empower eligible citizens under the msme domain by offering structured monetary assistance, skill enhancement programs, and direct developmental benefits."
National Welfare Scheme 270 (MSME),MSME,"Ministry of Micro, Small and Medium Enterprises",Uttar Pradesh,Provides financial grants and support resources for the msme sector.,"This scheme aims to empower eligible citizens under the msme domain by offering structured monetary assistance, skill enhancement programs, and direct developmental benefits."
National Welfare Scheme 271 (Education),Education,"Ministry of Micro, Small and Medium Enterprises",Bihar,Provides financial grants and support resources for the education sector.,"This scheme aims to empower eligible citizens under the education domain by offering structured monetary assistance, skill enhancement programs, and direct developmental benefits."
National Welfare Scheme 272 (Agriculture),Agriculture,Ministry of Finance,Bihar,Provides financial grants and support resources for the agriculture sector.,"This scheme aims to empower eligible citizens under the agriculture domain by offering structured monetary assistance, skill enhancement programs, and direct developmental benefits."
National Welfare Scheme 273 (Education),Education,"Ministry of Micro, Small and Medium Enterprises",Uttar Pradesh,Provides financial grants and support resources for the education sector.,"This scheme aims to empower eligible citizens under the education domain by offering structured monetary assistance, skill enhancement programs, and direct developmental benefits."
National Welfare Scheme 274 (Education),Education,Ministry of Finance,Karnataka,Provides financial grants and support resources for the education sector.,"This scheme aims to empower eligible citizens under the education domain by offering structured monetary assistance, skill enhancement programs, and direct developmental benefits."
National Welfare Scheme 275 (Education),Education,Ministry of Agriculture & Farmers Welfare,All India,Provides financial grants and support resources for the education sector.,"This scheme aims to empower eligible citizens under the education domain by offering structured monetary assistance, skill enhancement programs, and direct developmental benefits."
National Welfare Scheme 276 (Agriculture),Agriculture,"Ministry of Micro, Small and Medium Enterprises",Bihar,Provides financial grants and support resources for the agriculture sector.,"This scheme aims to empower eligible citizens under the agriculture domain by offering structured monetary assistance, skill enhancement programs, and direct developmental benefits."
National Welfare Scheme 277 (Finance),Finance,Ministry of Health and Family Welfare,Uttar Pradesh,Provides financial grants and support resources for the finance sector.,"This scheme aims to empower eligible citizens under the finance domain by offering structured monetary assistance, skill enhancement programs, and direct developmental benefits."
National Welfare Scheme 278 (Agriculture),Agriculture,Ministry of Finance,Karnataka,Provides financial grants and support resources for the agriculture sector.,"This scheme aims to empower eligible citizens under the agriculture domain by offering structured monetary assistance, skill enhancement programs, and direct developmental benefits."
National Welfare Scheme 279 (Agriculture),Agriculture,Ministry of Education,Karnataka,Provides financial grants and support resources for the agriculture sector.,"This scheme aims to empower eligible citizens under the agriculture domain by offering structured monetary assistance, skill enhancement programs, and direct developmental benefits."
National Welfare Scheme 280 (Finance),Finance,Ministry of Agriculture & Farmers Welfare,Uttar Pradesh,Provides financial grants and support resources for the finance sector.,"This scheme aims to empower eligible citizens under the finance domain by offering structured monetary assistance, skill enhancement programs, and direct developmental benefits."
National Welfare Scheme 281 (MSME),MSME,Ministry of Finance,Karnataka,Provides financial grants and support resources for the msme sector.,"This scheme aims to empower eligible citizens under the msme domain by offering structured monetary assistance, skill enhancement programs, and direct developmental benefits."
National Welfare Scheme 282 (Health),Health,"Ministry of Micro, Small and Medium Enterprises",Gujarat,Provides financial grants and support resources for the health sector.,"This scheme aims to empower eligible citizens under the health domain by offering structured monetary assistance, skill enhancement programs, and direct developmental benefits."
National Welfare Scheme 283 (Health),Health,Ministry of Health and Family Welfare,All India,Provides financial grants and support resources for the health sector.,"This scheme aims to empower eligible citizens under the health domain by offering structured monetary assistance, skill enhancement programs, and direct developmental benefits."
National Welfare Scheme 284 (Agriculture),Agriculture,Ministry of Education,Karnataka,Provides financial grants and support resources for the agriculture sector.,"This scheme aims to empower eligible citizens under the agriculture domain by offering structured monetary assistance, skill enhancement programs, and direct developmental benefits."
National Welfare Scheme 285 (Health),Health,Ministry of Health and Family Welfare,Gujarat,Provides financial grants and support resources for the health sector.,"This scheme aims to empower eligible citizens under the health domain by offering structured monetary assistance, skill enhancement programs, and direct developmental benefits."
National Welfare Scheme 286 (Education),Education,Ministry of Health and Family Welfare,Maharashtra,Provides financial grants and support resources for the education sector.,"This scheme aims to empower eligible citizens under the education domain by offering structured monetary assistance, skill enhancement programs, and direct developmental benefits."
National Welfare Scheme 287 (Agriculture),Agriculture,Ministry of Finance,All India,Provides financial grants and support resources for the agriculture sector.,"This scheme aims to empower eligible citizens under the agriculture domain by offering structured monetary assistance, skill enhancement programs, and direct developmental benefits."
National Welfare Scheme 288 (Finance),Finance,Ministry of Health and Family Welfare,Gujarat,Provides financial grants and support resources for the finance sector.,"This scheme aims to empower eligible citizens under the finance domain by offering structured monetary assistance, skill enhancement programs, and direct developmental benefits."
National Welfare Scheme 289 (Health),Health,Ministry of Finance,Maharashtra,Provides financial grants and support resources for the health sector.,"This scheme aims to empower eligible citizens under the health domain by offering structured monetary assistance, skill enhancement programs, and direct developmental benefits."
National Welfare Scheme 290 (Finance),Finance,Ministry of Agriculture & Farmers Welfare,All India,Provides financial grants and support resources for the finance sector.,"This scheme aims to empower eligible citizens under the finance domain by offering structured monetary assistance, skill enhancement programs, and direct developmental benefits."
National Welfare Scheme 291 (Health),Health,"Ministry of Micro, Small and Medium Enterprises",Bihar,Provides financial grants and support resources for the health sector.,"This scheme aims to empower eligible citizens under the health domain by offering structured monetary assistance, skill enhancement programs, and direct developmental benefits."
National Welfare Scheme 292 (Finance),Finance,"Ministry of Micro, Small and Medium Enterprises",Bihar,Provides financial grants and support resources for the finance sector.,"This scheme aims to empower eligible citizens under the finance domain by offering structured monetary assistance, skill enhancement programs, and direct developmental benefits."
National Welfare Scheme 293 (Finance),Finance,Ministry of Agriculture & Farmers Welfare,Karnataka,Provides financial grants and support resources for the finance sector.,"This scheme aims to empower eligible citizens under the finance domain by offering structured monetary assistance, skill enhancement programs, and direct developmental benefits."
National Welfare Scheme 294 (MSME),MSME,Ministry of Health and Family Welfare,Uttar Pradesh,Provides financial grants and support resources for the msme sector.,"This scheme aims to empower eligible citizens under the msme domain by offering structured monetary assistance, skill enhancement programs, and direct developmental benefits."
National Welfare Scheme 295 (MSME),MSME,Ministry of Education,Maharashtra,Provides financial grants and support resources for the msme sector.,"This scheme aims to empower eligible citizens under the msme domain by offering structured monetary assistance, skill enhancement programs, and direct developmental benefits."
National Welfare Scheme 296 (MSME),MSME,Ministry of Health and Family Welfare,Uttar Pradesh,Provides financial grants and support resources for the msme sector.,"This scheme aims to empower eligible citizens under the msme domain by offering structured monetary assistance, skill enhancement programs, and direct developmental benefits."
National Welfare Scheme 297 (Education),Education,Ministry of Education,Gujarat,Provides financial grants and support resources for the education sector.,"This scheme aims to empower eligible citizens under the education domain by offering structured monetary assistance, skill enhancement programs, and direct developmental benefits."
National Welfare Scheme 298 (Finance),Finance,Ministry of Education,All India,Provides financial grants and support resources for the finance sector.,"This scheme aims to empower eligible citizens under the finance domain by offering structured monetary assistance, skill enhancement programs, and direct developmental benefits."
National Welfare Scheme 299 (Education),Education,Ministry of Agriculture & Farmers Welfare,Gujarat,Provides financial grants and support resources for the education sector.,"This scheme aims to empower eligible citizens under the education domain by offering structured monetary assistance, skill enhancement programs, and direct developmental benefits."
National Welfare Scheme 300 (Health),Health,Ministry of Health and Family Welfare,Uttar Pradesh,Provides financial grants and support resources for the health sector.,"This scheme aims to empower eligible citizens under the health domain by offering structured monetary assistance, skill enhancement programs, and direct developmental benefits."
National Welfare Scheme 301 (Health),Health,Ministry of Education,Bihar,Provides financial grants and support resources for the health sector.,"This scheme aims to empower eligible citizens under the health domain by offering structured monetary assistance, skill enhancement programs, and direct developmental benefits."
National Welfare Scheme 302 (Agriculture),Agriculture,"Ministry of Micro, Small and Medium Enterprises",Bihar,Provides financial grants and support resources for the agriculture sector.,"This scheme aims to empower eligible citizens under the agriculture domain by offering structured monetary assistance, skill enhancement programs, and direct developmental benefits."
National Welfare Scheme 303 (Health),Health,Ministry of Education,Bihar,Provides financial grants and support resources for the health sector.,"This scheme aims to empower eligible citizens under the health domain by offering structured monetary assistance, skill enhancement programs, and direct developmental benefits."
National Welfare Scheme 304 (Education),Education,Ministry of Finance,Maharashtra,Provides financial grants and support resources for the education sector.,"This scheme aims to empower eligible citizens under the education domain by offering structured monetary assistance, skill enhancement programs, and direct developmental benefits."
National Welfare Scheme 305 (Agriculture),Agriculture,"Ministry of Micro, Small and Medium Enterprises",Bihar,Provides financial grants and support resources for the agriculture sector.,"This scheme aims to empower eligible citizens under the agriculture domain by offering structured monetary assistance, skill enhancement programs, and direct developmental benefits."
National Welfare Scheme 306 (Health),Health,Ministry of Finance,All India,Provides financial grants and support resources for the health sector.,"This scheme aims to empower eligible citizens under the health domain by offering structured monetary assistance, skill enhancement programs, and direct developmental benefits."
National Welfare Scheme 307 (Agriculture),Agriculture,Ministry of Finance,Uttar Pradesh,Provides financial grants and support resources for the agriculture sector.,"This scheme aims to empower eligible citizens under the agriculture domain by offering structured monetary assistance, skill enhancement programs, and direct developmental benefits."
National Welfare Scheme 308 (Education),Education,Ministry of Finance,Karnataka,Provides financial grants and support resources for the education sector.,"This scheme aims to empower eligible citizens under the education domain by offering structured monetary assistance, skill enhancement programs, and direct developmental benefits."
National Welfare Scheme 309 (Health),Health,Ministry of Education,Bihar,Provides financial grants and support resources for the health sector.,"This scheme aims to empower eligible citizens under the health domain by offering structured monetary assistance, skill enhancement programs, and direct developmental benefits."
National Welfare Scheme 310 (MSME),MSME,Ministry of Finance,Bihar,Provides financial grants and support resources for the msme sector.,"This scheme aims to empower eligible citizens under the msme domain by offering structured monetary assistance, skill enhancement programs, and direct developmental benefits."
National Welfare Scheme 311 (Finance),Finance,Ministry of Finance,Gujarat,Provides financial grants and support resources for the finance sector.,"This scheme aims to empower eligible citizens under the finance domain by offering structured monetary assistance, skill enhancement programs, and direct developmental benefits."
National Welfare Scheme 312 (Health),Health,Ministry of Education,Gujarat,Provides financial grants and support resources for the health sector.,"This scheme aims to empower eligible citizens under the health domain by offering structured monetary assistance, skill enhancement programs, and direct developmental benefits."
National Welfare Scheme 313 (Health),Health,Ministry of Health and Family Welfare,Gujarat,Provides financial grants and support resources for the health sector.,"This scheme aims to empower eligible citizens under the health domain by offering structured monetary assistance, skill enhancement programs, and direct developmental benefits."
National Welfare Scheme 314 (Education),Education,Ministry of Agriculture & Farmers Welfare,Karnataka,Provides financial grants and support resources for the education sector.,"This scheme aims to empower eligible citizens under the education domain by offering structured monetary assistance, skill enhancement programs, and direct developmental benefits."
National Welfare Scheme 315 (Health),Health,Ministry of Agriculture & Farmers Welfare,Uttar Pradesh,Provides financial grants and support resources for the health sector.,"This scheme aims to empower eligible citizens under the health domain by offering structured monetary assistance, skill enhancement programs, and direct developmental benefits."
National Welfare Scheme 316 (Education),Education,Ministry of Agriculture & Farmers Welfare,All India,Provides financial grants and support resources for the education sector.,"This scheme aims to empower eligible citizens under the education domain by offering structured monetary assistance, skill enhancement programs, and direct developmental benefits."
National Welfare Scheme 317 (MSME),MSME,Ministry of Health and Family Welfare,Bihar,Provides financial grants and support resources for the msme sector.,"This scheme aims to empower eligible citizens under the msme domain by offering structured monetary assistance, skill enhancement programs, and direct developmental benefits."
National Welfare Scheme 318 (Education),Education,Ministry of Finance,All India,Provides financial grants and support resources for the education sector.,"This scheme aims to empower eligible citizens under the education domain by offering structured monetary assistance, skill enhancement programs, and direct developmental benefits."
National Welfare Scheme 319 (Health),Health,Ministry of Agriculture & Farmers Welfare,Karnataka,Provides financial grants and support resources for the health sector.,"This scheme aims to empower eligible citizens under the health domain by offering structured monetary assistance, skill enhancement programs, and direct developmental benefits."
National Welfare Scheme 320 (MSME),MSME,Ministry of Finance,Karnataka,Provides financial grants and support resources for the msme sector.,"This scheme aims to empower eligible citizens under the msme domain by offering structured monetary assistance, skill enhancement programs, and direct developmental benefits."
National Welfare Scheme 321 (Education),Education,Ministry of Education,Bihar,Provides financial grants and support resources for the education sector.,"This scheme aims to empower eligible citizens under the education domain by offering structured monetary assistance, skill enhancement programs, and direct developmental benefits."
National Welfare Scheme 322 (MSME),MSME,Ministry of Agriculture & Farmers Welfare,All India,Provides financial grants and support resources for the msme sector.,"This scheme aims to empower eligible citizens under the msme domain by offering structured monetary assistance, skill enhancement programs, and direct developmental benefits."
National Welfare Scheme 323 (Agriculture),Agriculture,Ministry of Agriculture & Farmers Welfare,Uttar Pradesh,Provides financial grants and support resources for the agriculture sector.,"This scheme aims to empower eligible citizens under the agriculture domain by offering structured monetary assistance, skill enhancement programs, and direct developmental benefits."
National Welfare Scheme 324 (Health),Health,Ministry of Health and Family Welfare,Maharashtra,Provides financial grants and support resources for the health sector.,"This scheme aims to empower eligible citizens under the health domain by offering structured monetary assistance, skill enhancement programs, and direct developmental benefits."
National Welfare Scheme 325 (Health),Health,Ministry of Agriculture & Farmers Welfare,Uttar Pradesh,Provides financial grants and support resources for the health sector.,"This scheme aims to empower eligible citizens under the health domain by offering structured monetary assistance, skill enhancement programs, and direct developmental benefits."
National Welfare Scheme 326 (Health),Health,"Ministry of Micro, Small and Medium Enterprises",Maharashtra,Provides financial grants and support resources for the health sector.,"This scheme aims to empower eligible citizens under the health domain by offering structured monetary assistance, skill enhancement programs, and direct developmental benefits."
National Welfare Scheme 327 (MSME),MSME,Ministry of Health and Family Welfare,Gujarat,Provides financial grants and support resources for the msme sector.,"This scheme aims to empower eligible citizens under the msme domain by offering structured monetary assistance, skill enhancement programs, and direct developmental benefits."
National Welfare Scheme 328 (Agriculture),Agriculture,Ministry of Education,Gujarat,Provides financial grants and support resources for the agriculture sector.,"This scheme aims to empower eligible citizens under the agriculture domain by offering structured monetary assistance, skill enhancement programs, and direct developmental benefits."
National Welfare Scheme 329 (Education),Education,"Ministry of Micro, Small and Medium Enterprises",Bihar,Provides financial grants and support resources for the education sector.,"This scheme aims to empower eligible citizens under the education domain by offering structured monetary assistance, skill enhancement programs, and direct developmental benefits."
National Welfare Scheme 330 (MSME),MSME,Ministry of Education,Karnataka,Provides financial grants and support resources for the msme sector.,"This scheme aims to empower eligible citizens under the msme domain by offering structured monetary assistance, skill enhancement programs, and direct developmental benefits."
National Welfare Scheme 331 (Health),Health,Ministry of Agriculture & Farmers Welfare,Uttar Pradesh,Provides financial grants and support resources for the health sector.,"This scheme aims to empower eligible citizens under the health domain by offering structured monetary assistance, skill enhancement programs, and direct developmental benefits."
National Welfare Scheme 332 (Health),Health,"Ministry of Micro, Small and Medium Enterprises",Gujarat,Provides financial grants and support resources for the health sector.,"This scheme aims to empower eligible citizens under the health domain by offering structured monetary assistance, skill enhancement programs, and direct developmental benefits."
National Welfare Scheme 333 (Education),Education,Ministry of Education,All India,Provides financial grants and support resources for the education sector.,"This scheme aims to empower eligible citizens under the education domain by offering structured monetary assistance, skill enhancement programs, and direct developmental benefits."
National Welfare Scheme 334 (Health),Health,Ministry of Finance,Gujarat,Provides financial grants and support resources for the health sector.,"This scheme aims to empower eligible citizens under the health domain by offering structured monetary assistance, skill enhancement programs, and direct developmental benefits."
National Welfare Scheme 335 (Agriculture),Agriculture,"Ministry of Micro, Small and Medium Enterprises",Gujarat,Provides financial grants and support resources for the agriculture sector.,"This scheme aims to empower eligible citizens under the agriculture domain by offering structured monetary assistance, skill enhancement programs, and direct developmental benefits."
National Welfare Scheme 336 (Finance),Finance,Ministry of Health and Family Welfare,Karnataka,Provides financial grants and support resources for the finance sector.,"This scheme aims to empower eligible citizens under the finance domain by offering structured monetary assistance, skill enhancement programs, and direct developmental benefits."
National Welfare Scheme 337 (Education),Education,Ministry of Education,All India,Provides financial grants and support resources for the education sector.,"This scheme aims to empower eligible citizens under the education domain by offering structured monetary assistance, skill enhancement programs, and direct developmental benefits."
National Welfare Scheme 338 (Education),Education,Ministry of Health and Family Welfare,Gujarat,Provides financial grants and support resources for the education sector.,"This scheme aims to empower eligible citizens under the education domain by offering structured monetary assistance, skill enhancement programs, and direct developmental benefits."
National Welfare Scheme 339 (Finance),Finance,Ministry of Health and Family Welfare,All India,Provides financial grants and support resources for the finance sector.,"This scheme aims to empower eligible citizens under the finance domain by offering structured monetary assistance, skill enhancement programs, and direct developmental benefits."
National Welfare Scheme 340 (Agriculture),Agriculture,Ministry of Health and Family Welfare,Bihar,Provides financial grants and support resources for the agriculture sector.,"This scheme aims to empower eligible citizens under the agriculture domain by offering structured monetary assistance, skill enhancement programs, and direct developmental benefits."
National Welfare Scheme 341 (Education),Education,"Ministry of Micro, Small and Medium Enterprises",Gujarat,Provides financial grants and support resources for the education sector.,"This scheme aims to empower eligible citizens under the education domain by offering structured monetary assistance, skill enhancement programs, and direct developmental benefits."
National Welfare Scheme 342 (Education),Education,Ministry of Health and Family Welfare,Maharashtra,Provides financial grants and support resources for the education sector.,"This scheme aims to empower eligible citizens under the education domain by offering structured monetary assistance, skill enhancement programs, and direct developmental benefits."
National Welfare Scheme 343 (Health),Health,"Ministry of Micro, Small and Medium Enterprises",Uttar Pradesh,Provides financial grants and support resources for the health sector.,"This scheme aims to empower eligible citizens under the health domain by offering structured monetary assistance, skill enhancement programs, and direct developmental benefits."
National Welfare Scheme 344 (Finance),Finance,Ministry of Health and Family Welfare,Maharashtra,Provides financial grants and support resources for the finance sector.,"This scheme aims to empower eligible citizens under the finance domain by offering structured monetary assistance, skill enhancement programs, and direct developmental benefits."
National Welfare Scheme 345 (Health),Health,Ministry of Health and Family Welfare,Gujarat,Provides financial grants and support resources for the health sector.,"This scheme aims to empower eligible citizens under the health domain by offering structured monetary assistance, skill enhancement programs, and direct developmental benefits."
National Welfare Scheme 346 (Health),Health,Ministry of Finance,Uttar Pradesh,Provides financial grants and support resources for the health sector.,"This scheme aims to empower eligible citizens under the health domain by offering structured monetary assistance, skill enhancement programs, and direct developmental benefits."
National Welfare Scheme 347 (Health),Health,Ministry of Agriculture & Farmers Welfare,Bihar,Provides financial grants and support resources for the health sector.,"This scheme aims to empower eligible citizens under the health domain by offering structured monetary assistance, skill enhancement programs, and direct developmental benefits."
National Welfare Scheme 348 (Agriculture),Agriculture,Ministry of Education,All India,Provides financial grants and support resources for the agriculture sector.,"This scheme aims to empower eligible citizens under the agriculture domain by offering structured monetary assistance, skill enhancement programs, and direct developmental benefits."
National Welfare Scheme 349 (Agriculture),Agriculture,"Ministry of Micro, Small and Medium Enterprises",Uttar Pradesh,Provides financial grants and support resources for the agriculture sector.,"This scheme aims to empower eligible citizens under the agriculture domain by offering structured monetary assistance, skill enhancement programs, and direct developmental benefits."
National Welfare Scheme 350 (Agriculture),Agriculture,Ministry of Finance,Bihar,Provides financial grants and support resources for the agriculture sector.,"This scheme aims to empower eligible citizens under the agriculture domain by offering structured monetary assistance, skill enhancement programs, and direct developmental benefits."
National Welfare Scheme 351 (Agriculture),Agriculture,Ministry of Agriculture & Farmers Welfare,Bihar,Provides financial grants and support resources for the agriculture sector.,"This scheme aims to empower eligible citizens under the agriculture domain by offering structured monetary assistance, skill enhancement programs, and direct developmental benefits."
National Welfare Scheme 352 (MSME),MSME,"Ministry of Micro, Small and Medium Enterprises",All India,Provides financial grants and support resources for the msme sector.,"This scheme aims to empower eligible citizens under the msme domain by offering structured monetary assistance, skill enhancement programs, and direct developmental benefits."
National Welfare Scheme 353 (Finance),Finance,Ministry of Health and Family Welfare,Uttar Pradesh,Provides financial grants and support resources for the finance sector.,"This scheme aims to empower eligible citizens under the finance domain by offering structured monetary assistance, skill enhancement programs, and direct developmental benefits."
National Welfare Scheme 354 (MSME),MSME,Ministry of Agriculture & Farmers Welfare,Maharashtra,Provides financial grants and support resources for the msme sector.,"This scheme aims to empower eligible citizens under the msme domain by offering structured monetary assistance, skill enhancement programs, and direct developmental benefits."
National Welfare Scheme 355 (Health),Health,Ministry of Agriculture & Farmers Welfare,Maharashtra,Provides financial grants and support resources for the health sector.,"This scheme aims to empower eligible citizens under the health domain by offering structured monetary assistance, skill enhancement programs, and direct developmental benefits."
National Welfare Scheme 356 (Agriculture),Agriculture,Ministry of Health and Family Welfare,Bihar,Provides financial grants and support resources for the agriculture sector.,"This scheme aims to empower eligible citizens under the agriculture domain by offering structured monetary assistance, skill enhancement programs, and direct developmental benefits."
National Welfare Scheme 357 (Education),Education,Ministry of Agriculture & Farmers Welfare,Bihar,Provides financial grants and support resources for the education sector.,"This scheme aims to empower eligible citizens under the education domain by offering structured monetary assistance, skill enhancement programs, and direct developmental benefits."
National Welfare Scheme 358 (Education),Education,Ministry of Finance,Bihar,Provides financial grants and support resources for the education sector.,"This scheme aims to empower eligible citizens under the education domain by offering structured monetary assistance, skill enhancement programs, and direct developmental benefits."
National Welfare Scheme 359 (MSME),MSME,Ministry of Health and Family Welfare,Uttar Pradesh,Provides financial grants and support resources for the msme sector.,"This scheme aims to empower eligible citizens under the msme domain by offering structured monetary assistance, skill enhancement programs, and direct developmental benefits."
National Welfare Scheme 360 (Health),Health,Ministry of Agriculture & Farmers Welfare,All India,Provides financial grants and support resources for the health sector.,"This scheme aims to empower eligible citizens under the health domain by offering structured monetary assistance, skill enhancement programs, and direct developmental benefits."
National Welfare Scheme 361 (MSME),MSME,Ministry of Agriculture & Farmers Welfare,Bihar,Provides financial grants and support resources for the msme sector.,"This scheme aims to empower eligible citizens under the msme domain by offering structured monetary assistance, skill enhancement programs, and direct developmental benefits."
National Welfare Scheme 362 (Health),Health,Ministry of Health and Family Welfare,Gujarat,Provides financial grants and support resources for the health sector.,"This scheme aims to empower eligible citizens under the health domain by offering structured monetary assistance, skill enhancement programs, and direct developmental benefits."
National Welfare Scheme 363 (Health),Health,Ministry of Health and Family Welfare,Karnataka,Provides financial grants and support resources for the health sector.,"This scheme aims to empower eligible citizens under the health domain by offering structured monetary assistance, skill enhancement programs, and direct developmental benefits."
National Welfare Scheme 364 (Finance),Finance,Ministry of Agriculture & Farmers Welfare,All India,Provides financial grants and support resources for the finance sector.,"This scheme aims to empower eligible citizens under the finance domain by offering structured monetary assistance, skill enhancement programs, and direct developmental benefits."
National Welfare Scheme 365 (Health),Health,Ministry of Finance,Uttar Pradesh,Provides financial grants and support resources for the health sector.,"This scheme aims to empower eligible citizens under the health domain by offering structured monetary assistance, skill enhancement programs, and direct developmental benefits."
National Welfare Scheme 366 (Education),Education,Ministry of Finance,Maharashtra,Provides financial grants and support resources for the education sector.,"This scheme aims to empower eligible citizens under the education domain by offering structured monetary assistance, skill enhancement programs, and direct developmental benefits."
National Welfare Scheme 367 (Agriculture),Agriculture,Ministry of Education,Uttar Pradesh,Provides financial grants and support resources for the agriculture sector.,"This scheme aims to empower eligible citizens under the agriculture domain by offering structured monetary assistance, skill enhancement programs, and direct developmental benefits."
National Welfare Scheme 368 (Agriculture),Agriculture,"Ministry of Micro, Small and Medium Enterprises",Uttar Pradesh,Provides financial grants and support resources for the agriculture sector.,"This scheme aims to empower eligible citizens under the agriculture domain by offering structured monetary assistance, skill enhancement programs, and direct developmental benefits."
National Welfare Scheme 369 (MSME),MSME,"Ministry of Micro, Small and Medium Enterprises",Karnataka,Provides financial grants and support resources for the msme sector.,"This scheme aims to empower eligible citizens under the msme domain by offering structured monetary assistance, skill enhancement programs, and direct developmental benefits."
National Welfare Scheme 370 (MSME),MSME,"Ministry of Micro, Small and Medium Enterprises",Bihar,Provides financial grants and support resources for the msme sector.,"This scheme aims to empower eligible citizens under the msme domain by offering structured monetary assistance, skill enhancement programs, and direct developmental benefits."
National Welfare Scheme 371 (Education),Education,Ministry of Education,Gujarat,Provides financial grants and support resources for the education sector.,"This scheme aims to empower eligible citizens under the education domain by offering structured monetary assistance, skill enhancement programs, and direct developmental benefits."
National Welfare Scheme 372 (Education),Education,Ministry of Health and Family Welfare,Karnataka,Provides financial grants and support resources for the education sector.,"This scheme aims to empower eligible citizens under the education domain by offering structured monetary assistance, skill enhancement programs, and direct developmental benefits."
National Welfare Scheme 373 (MSME),MSME,Ministry of Education,Uttar Pradesh,Provides financial grants and support resources for the msme sector.,"This scheme aims to empower eligible citizens under the msme domain by offering structured monetary assistance, skill enhancement programs, and direct developmental benefits."
National Welfare Scheme 374 (Finance),Finance,"Ministry of Micro, Small and Medium Enterprises",All India,Provides financial grants and support resources for the finance sector.,"This scheme aims to empower eligible citizens under the finance domain by offering structured monetary assistance, skill enhancement programs, and direct developmental benefits."
National Welfare Scheme 375 (Health),Health,Ministry of Finance,Karnataka,Provides financial grants and support resources for the health sector.,"This scheme aims to empower eligible citizens under the health domain by offering structured monetary assistance, skill enhancement programs, and direct developmental benefits."
National Welfare Scheme 376 (Finance),Finance,Ministry of Education,Bihar,Provides financial grants and support resources for the finance sector.,"This scheme aims to empower eligible citizens under the finance domain by offering structured monetary assistance, skill enhancement programs, and direct developmental benefits."
National Welfare Scheme 377 (Health),Health,Ministry of Finance,Gujarat,Provides financial grants and support resources for the health sector.,"This scheme aims to empower eligible citizens under the health domain by offering structured monetary assistance, skill enhancement programs, and direct developmental benefits."
National Welfare Scheme 378 (Finance),Finance,Ministry of Finance,Bihar,Provides financial grants and support resources for the finance sector.,"This scheme aims to empower eligible citizens under the finance domain by offering structured monetary assistance, skill enhancement programs, and direct developmental benefits."
National Welfare Scheme 379 (Agriculture),Agriculture,"Ministry of Micro, Small and Medium Enterprises",Karnataka,Provides financial grants and support resources for the agriculture sector.,"This scheme aims to empower eligible citizens under the agriculture domain by offering structured monetary assistance, skill enhancement programs, and direct developmental benefits."
National Welfare Scheme 380 (Health),Health,Ministry of Agriculture & Farmers Welfare,Bihar,Provides financial grants and support resources for the health sector.,"This scheme aims to empower eligible citizens under the health domain by offering structured monetary assistance, skill enhancement programs, and direct developmental benefits."
National Welfare Scheme 381 (MSME),MSME,Ministry of Finance,All India,Provides financial grants and support resources for the msme sector.,"This scheme aims to empower eligible citizens under the msme domain by offering structured monetary assistance, skill enhancement programs, and direct developmental benefits."
National Welfare Scheme 382 (Education),Education,Ministry of Finance,All India,Provides financial grants and support resources for the education sector.,"This scheme aims to empower eligible citizens under the education domain by offering structured monetary assistance, skill enhancement programs, and direct developmental benefits."
National Welfare Scheme 383 (MSME),MSME,Ministry of Finance,Maharashtra,Provides financial grants and support resources for the msme sector.,"This scheme aims to empower eligible citizens under the msme domain by offering structured monetary assistance, skill enhancement programs, and direct developmental benefits."
National Welfare Scheme 384 (Agriculture),Agriculture,"Ministry of Micro, Small and Medium Enterprises",Bihar,Provides financial grants and support resources for the agriculture sector.,"This scheme aims to empower eligible citizens under the agriculture domain by offering structured monetary assistance, skill enhancement programs, and direct developmental benefits."
National Welfare Scheme 385 (Agriculture),Agriculture,Ministry of Agriculture & Farmers Welfare,Bihar,Provides financial grants and support resources for the agriculture sector.,"This scheme aims to empower eligible citizens under the agriculture domain by offering structured monetary assistance, skill enhancement programs, and direct developmental benefits."
National Welfare Scheme 386 (Education),Education,"Ministry of Micro, Small and Medium Enterprises",Karnataka,Provides financial grants and support resources for the education sector.,"This scheme aims to empower eligible citizens under the education domain by offering structured monetary assistance, skill enhancement programs, and direct developmental benefits."
National Welfare Scheme 387 (Finance),Finance,Ministry of Health and Family Welfare,Gujarat,Provides financial grants and support resources for the finance sector.,"This scheme aims to empower eligible citizens under the finance domain by offering structured monetary assistance, skill enhancement programs, and direct developmental benefits."
National Welfare Scheme 388 (MSME),MSME,Ministry of Agriculture & Farmers Welfare,Bihar,Provides financial grants and support resources for the msme sector.,"This scheme aims to empower eligible citizens under the msme domain by offering structured monetary assistance, skill enhancement programs, and direct developmental benefits."
National Welfare Scheme 389 (Agriculture),Agriculture,Ministry of Agriculture & Farmers Welfare,Karnataka,Provides financial grants and support resources for the agriculture sector.,"This scheme aims to empower eligible citizens under the agriculture domain by offering structured monetary assistance, skill enhancement programs, and direct developmental benefits."
National Welfare Scheme 390 (Agriculture),Agriculture,Ministry of Health and Family Welfare,Karnataka,Provides financial grants and support resources for the agriculture sector.,"This scheme aims to empower eligible citizens under the agriculture domain by offering structured monetary assistance, skill enhancement programs, and direct developmental benefits."
National Welfare Scheme 391 (MSME),MSME,Ministry of Health and Family Welfare,Gujarat,Provides financial grants and support resources for the msme sector.,"This scheme aims to empower eligible citizens under the msme domain by offering structured monetary assistance, skill enhancement programs, and direct developmental benefits."
National Welfare Scheme 392 (Education),Education,Ministry of Finance,All India,Provides financial grants and support resources for the education sector.,"This scheme aims to empower eligible citizens under the education domain by offering structured monetary assistance, skill enhancement programs, and direct developmental benefits."
National Welfare Scheme 393 (Education),Education,"Ministry of Micro, Small and Medium Enterprises",Uttar Pradesh,Provides financial grants and support resources for the education sector.,"This scheme aims to empower eligible citizens under the education domain by offering structured monetary assistance, skill enhancement programs, and direct developmental benefits."
National Welfare Scheme 394 (MSME),MSME,Ministry of Education,Karnataka,Provides financial grants and support resources for the msme sector.,"This scheme aims to empower eligible citizens under the msme domain by offering structured monetary assistance, skill enhancement programs, and direct developmental benefits."
National Welfare Scheme 395 (Agriculture),Agriculture,Ministry of Agriculture & Farmers Welfare,Maharashtra,Provides financial grants and support resources for the agriculture sector.,"This scheme aims to empower eligible citizens under the agriculture domain by offering structured monetary assistance, skill enhancement programs, and direct developmental benefits."
National Welfare Scheme 396 (Education),Education,Ministry of Finance,Gujarat,Provides financial grants and support resources for the education sector.,"This scheme aims to empower eligible citizens under the education domain by offering structured monetary assistance, skill enhancement programs, and direct developmental benefits."
National Welfare Scheme 397 (Education),Education,Ministry of Agriculture & Farmers Welfare,Uttar Pradesh,Provides financial grants and support resources for the education sector.,"This scheme aims to empower eligible citizens under the education domain by offering structured monetary assistance, skill enhancement programs, and direct developmental benefits."
National Welfare Scheme 398 (Education),Education,Ministry of Agriculture & Farmers Welfare,All India,Provides financial grants and support resources for the education sector.,"This scheme aims to empower eligible citizens under the education domain by offering structured monetary assistance, skill enhancement programs, and direct developmental benefits."
National Welfare Scheme 399 (Health),Health,Ministry of Finance,Uttar Pradesh,Provides financial grants and support resources for the health sector.,"This scheme aims to empower eligible citizens under the health domain by offering structured monetary assistance, skill enhancement programs, and direct developmental benefits."
National Welfare Scheme 400 (Health),Health,"Ministry of Micro, Small and Medium Enterprises",Karnataka,Provides financial grants and support resources for the health sector.,"This scheme aims to empower eligible citizens under the health domain by offering structured monetary assistance, skill enhancement programs, and direct developmental benefits."
National Welfare Scheme 401 (Finance),Finance,"Ministry of Micro, Small and Medium Enterprises",Uttar Pradesh,Provides financial grants and support resources for the finance sector.,"This scheme aims to empower eligible citizens under the finance domain by offering structured monetary assistance, skill enhancement programs, and direct developmental benefits."
National Welfare Scheme 402 (Health),Health,Ministry of Health and Family Welfare,Karnataka,Provides financial grants and support resources for the health sector.,"This scheme aims to empower eligible citizens under the health domain by offering structured monetary assistance, skill enhancement programs, and direct developmental benefits."
National Welfare Scheme 403 (Health),Health,"Ministry of Micro, Small and Medium Enterprises",Karnataka,Provides financial grants and support resources for the health sector.,"This scheme aims to empower eligible citizens under the health domain by offering structured monetary assistance, skill enhancement programs, and direct developmental benefits."
National Welfare Scheme 404 (MSME),MSME,Ministry of Education,Bihar,Provides financial grants and support resources for the msme sector.,"This scheme aims to empower eligible citizens under the msme domain by offering structured monetary assistance, skill enhancement programs, and direct developmental benefits."
National Welfare Scheme 405 (Finance),Finance,Ministry of Agriculture & Farmers Welfare,Karnataka,Provides financial grants and support resources for the finance sector.,"This scheme aims to empower eligible citizens under the finance domain by offering structured monetary assistance, skill enhancement programs, and direct developmental benefits."
National Welfare Scheme 406 (Finance),Finance,Ministry of Finance,Maharashtra,Provides financial grants and support resources for the finance sector.,"This scheme aims to empower eligible citizens under the finance domain by offering structured monetary assistance, skill enhancement programs, and direct developmental benefits."
National Welfare Scheme 407 (Education),Education,Ministry of Agriculture & Farmers Welfare,Karnataka,Provides financial grants and support resources for the education sector.,"This scheme aims to empower eligible citizens under the education domain by offering structured monetary assistance, skill enhancement programs, and direct developmental benefits."
National Welfare Scheme 408 (Finance),Finance,Ministry of Education,Bihar,Provides financial grants and support resources for the finance sector.,"This scheme aims to empower eligible citizens under the finance domain by offering structured monetary assistance, skill enhancement programs, and direct developmental benefits."
National Welfare Scheme 409 (Health),Health,"Ministry of Micro, Small and Medium Enterprises",Karnataka,Provides financial grants and support resources for the health sector.,"This scheme aims to empower eligible citizens under the health domain by offering structured monetary assistance, skill enhancement programs, and direct developmental benefits."
National Welfare Scheme 410 (Finance),Finance,Ministry of Agriculture & Farmers Welfare,All India,Provides financial grants and support resources for the finance sector.,"This scheme aims to empower eligible citizens under the finance domain by offering structured monetary assistance, skill enhancement programs, and direct developmental benefits."
National Welfare Scheme 411 (Health),Health,Ministry of Agriculture & Farmers Welfare,Uttar Pradesh,Provides financial grants and support resources for the health sector.,"This scheme aims to empower eligible citizens under the health domain by offering structured monetary assistance, skill enhancement programs, and direct developmental benefits."
National Welfare Scheme 412 (Finance),Finance,Ministry of Education,Bihar,Provides financial grants and support resources for the finance sector.,"This scheme aims to empower eligible citizens under the finance domain by offering structured monetary assistance, skill enhancement programs, and direct developmental benefits."
National Welfare Scheme 413 (MSME),MSME,Ministry of Finance,Maharashtra,Provides financial grants and support resources for the msme sector.,"This scheme aims to empower eligible citizens under the msme domain by offering structured monetary assistance, skill enhancement programs, and direct developmental benefits."
National Welfare Scheme 414 (Agriculture),Agriculture,Ministry of Health and Family Welfare,Karnataka,Provides financial grants and support resources for the agriculture sector.,"This scheme aims to empower eligible citizens under the agriculture domain by offering structured monetary assistance, skill enhancement programs, and direct developmental benefits."
National Welfare Scheme 415 (Agriculture),Agriculture,Ministry of Agriculture & Farmers Welfare,Bihar,Provides financial grants and support resources for the agriculture sector.,"This scheme aims to empower eligible citizens under the agriculture domain by offering structured monetary assistance, skill enhancement programs, and direct developmental benefits."
National Welfare Scheme 416 (Finance),Finance,Ministry of Finance,All India,Provides financial grants and support resources for the finance sector.,"This scheme aims to empower eligible citizens under the finance domain by offering structured monetary assistance, skill enhancement programs, and direct developmental benefits."
National Welfare Scheme 417 (MSME),MSME,Ministry of Finance,All India,Provides financial grants and support resources for the msme sector.,"This scheme aims to empower eligible citizens under the msme domain by offering structured monetary assistance, skill enhancement programs, and direct developmental benefits."
National Welfare Scheme 418 (Finance),Finance,Ministry of Education,Maharashtra,Provides financial grants and support resources for the finance sector.,"This scheme aims to empower eligible citizens under the finance domain by offering structured monetary assistance, skill enhancement programs, and direct developmental benefits."
National Welfare Scheme 419 (Education),Education,"Ministry of Micro, Small and Medium Enterprises",Uttar Pradesh,Provides financial grants and support resources for the education sector.,"This scheme aims to empower eligible citizens under the education domain by offering structured monetary assistance, skill enhancement programs, and direct developmental benefits."
National Welfare Scheme 420 (Agriculture),Agriculture,"Ministry of Micro, Small and Medium Enterprises",Bihar,Provides financial grants and support resources for the agriculture sector.,"This scheme aims to empower eligible citizens under the agriculture domain by offering structured monetary assistance, skill enhancement programs, and direct developmental benefits."
National Welfare Scheme 421 (Education),Education,Ministry of Education,Bihar,Provides financial grants and support resources for the education sector.,"This scheme aims to empower eligible citizens under the education domain by offering structured monetary assistance, skill enhancement programs, and direct developmental benefits."
National Welfare Scheme 422 (Agriculture),Agriculture,Ministry of Education,Gujarat,Provides financial grants and support resources for the agriculture sector.,"This scheme aims to empower eligible citizens under the agriculture domain by offering structured monetary assistance, skill enhancement programs, and direct developmental benefits."
National Welfare Scheme 423 (Finance),Finance,Ministry of Health and Family Welfare,Karnataka,Provides financial grants and support resources for the finance sector.,"This scheme aims to empower eligible citizens under the finance domain by offering structured monetary assistance, skill enhancement programs, and direct developmental benefits."
National Welfare Scheme 424 (Agriculture),Agriculture,"Ministry of Micro, Small and Medium Enterprises",Maharashtra,Provides financial grants and support resources for the agriculture sector.,"This scheme aims to empower eligible citizens under the agriculture domain by offering structured monetary assistance, skill enhancement programs, and direct developmental benefits."
National Welfare Scheme 425 (Agriculture),Agriculture,Ministry of Education,Bihar,Provides financial grants and support resources for the agriculture sector.,"This scheme aims to empower eligible citizens under the agriculture domain by offering structured monetary assistance, skill enhancement programs, and direct developmental benefits."
National Welfare Scheme 426 (MSME),MSME,Ministry of Finance,All India,Provides financial grants and support resources for the msme sector.,"This scheme aims to empower eligible citizens under the msme domain by offering structured monetary assistance, skill enhancement programs, and direct developmental benefits."
National Welfare Scheme 427 (Finance),Finance,Ministry of Health and Family Welfare,Bihar,Provides financial grants and support resources for the finance sector.,"This scheme aims to empower eligible citizens under the finance domain by offering structured monetary assistance, skill enhancement programs, and direct developmental benefits."
National Welfare Scheme 428 (Health),Health,Ministry of Education,Uttar Pradesh,Provides financial grants and support resources for the health sector.,"This scheme aims to empower eligible citizens under the health domain by offering structured monetary assistance, skill enhancement programs, and direct developmental benefits."
National Welfare Scheme 429 (Health),Health,"Ministry of Micro, Small and Medium Enterprises",Uttar Pradesh,Provides financial grants and support resources for the health sector.,"This scheme aims to empower eligible citizens under the health domain by offering structured monetary assistance, skill enhancement programs, and direct developmental benefits."
National Welfare Scheme 430 (Finance),Finance,"Ministry of Micro, Small and Medium Enterprises",Maharashtra,Provides financial grants and support resources for the finance sector.,"This scheme aims to empower eligible citizens under the finance domain by offering structured monetary assistance, skill enhancement programs, and direct developmental benefits."
National Welfare Scheme 431 (Education),Education,Ministry of Health and Family Welfare,Uttar Pradesh,Provides financial grants and support resources for the education sector.,"This scheme aims to empower eligible citizens under the education domain by offering structured monetary assistance, skill enhancement programs, and direct developmental benefits."
National Welfare Scheme 432 (MSME),MSME,"Ministry of Micro, Small and Medium Enterprises",Gujarat,Provides financial grants and support resources for the msme sector.,"This scheme aims to empower eligible citizens under the msme domain by offering structured monetary assistance, skill enhancement programs, and direct developmental benefits."
National Welfare Scheme 433 (Education),Education,Ministry of Health and Family Welfare,All India,Provides financial grants and support resources for the education sector.,"This scheme aims to empower eligible citizens under the education domain by offering structured monetary assistance, skill enhancement programs, and direct developmental benefits."
National Welfare Scheme 434 (MSME),MSME,"Ministry of Micro, Small and Medium Enterprises",Maharashtra,Provides financial grants and support resources for the msme sector.,"This scheme aims to empower eligible citizens under the msme domain by offering structured monetary assistance, skill enhancement programs, and direct developmental benefits."
National Welfare Scheme 435 (Health),Health,Ministry of Education,Karnataka,Provides financial grants and support resources for the health sector.,"This scheme aims to empower eligible citizens under the health domain by offering structured monetary assistance, skill enhancement programs, and direct developmental benefits."
National Welfare Scheme 436 (Education),Education,"Ministry of Micro, Small and Medium Enterprises",Bihar,Provides financial grants and support resources for the education sector.,"This scheme aims to empower eligible citizens under the education domain by offering structured monetary assistance, skill enhancement programs, and direct developmental benefits."
National Welfare Scheme 437 (Agriculture),Agriculture,Ministry of Finance,Maharashtra,Provides financial grants and support resources for the agriculture sector.,"This scheme aims to empower eligible citizens under the agriculture domain by offering structured monetary assistance, skill enhancement programs, and direct developmental benefits."
National Welfare Scheme 438 (Education),Education,Ministry of Education,Gujarat,Provides financial grants and support resources for the education sector.,"This scheme aims to empower eligible citizens under the education domain by offering structured monetary assistance, skill enhancement programs, and direct developmental benefits."
National Welfare Scheme 439 (Finance),Finance,Ministry of Education,Maharashtra,Provides financial grants and support resources for the finance sector.,"This scheme aims to empower eligible citizens under the finance domain by offering structured monetary assistance, skill enhancement programs, and direct developmental benefits."
National Welfare Scheme 440 (MSME),MSME,Ministry of Agriculture & Farmers Welfare,Bihar,Provides financial grants and support resources for the msme sector.,"This scheme aims to empower eligible citizens under the msme domain by offering structured monetary assistance, skill enhancement programs, and direct developmental benefits."
National Welfare Scheme 441 (Finance),Finance,Ministry of Agriculture & Farmers Welfare,Maharashtra,Provides financial grants and support resources for the finance sector.,"This scheme aims to empower eligible citizens under the finance domain by offering structured monetary assistance, skill enhancement programs, and direct developmental benefits."
National Welfare Scheme 442 (MSME),MSME,Ministry of Education,Maharashtra,Provides financial grants and support resources for the msme sector.,"This scheme aims to empower eligible citizens under the msme domain by offering structured monetary assistance, skill enhancement programs, and direct developmental benefits."
National Welfare Scheme 443 (Finance),Finance,Ministry of Health and Family Welfare,All India,Provides financial grants and support resources for the finance sector.,"This scheme aims to empower eligible citizens under the finance domain by offering structured monetary assistance, skill enhancement programs, and direct developmental benefits."
National Welfare Scheme 444 (Agriculture),Agriculture,Ministry of Education,Maharashtra,Provides financial grants and support resources for the agriculture sector.,"This scheme aims to empower eligible citizens under the agriculture domain by offering structured monetary assistance, skill enhancement programs, and direct developmental benefits."
National Welfare Scheme 445 (Agriculture),Agriculture,Ministry of Agriculture & Farmers Welfare,Uttar Pradesh,Provides financial grants and support resources for the agriculture sector.,"This scheme aims to empower eligible citizens under the agriculture domain by offering structured monetary assistance, skill enhancement programs, and direct developmental benefits."
National Welfare Scheme 446 (Agriculture),Agriculture,Ministry of Finance,Gujarat,Provides financial grants and support resources for the agriculture sector.,"This scheme aims to empower eligible citizens under the agriculture domain by offering structured monetary assistance, skill enhancement programs, and direct developmental benefits."
National Welfare Scheme 447 (Health),Health,Ministry of Education,Bihar,Provides financial grants and support resources for the health sector.,"This scheme aims to empower eligible citizens under the health domain by offering structured monetary assistance, skill enhancement programs, and direct developmental benefits."
National Welfare Scheme 448 (MSME),MSME,Ministry of Education,Karnataka,Provides financial grants and support resources for the msme sector.,"This scheme aims to empower eligible citizens under the msme domain by offering structured monetary assistance, skill enhancement programs, and direct developmental benefits."
National Welfare Scheme 449 (MSME),MSME,Ministry of Health and Family Welfare,Gujarat,Provides financial grants and support resources for the msme sector.,"This scheme aims to empower eligible citizens under the msme domain by offering structured monetary assistance, skill enhancement programs, and direct developmental benefits."
National Welfare Scheme 450 (Health),Health,Ministry of Education,Karnataka,Provides financial grants and support resources for the health sector.,"This scheme aims to empower eligible citizens under the health domain by offering structured monetary assistance, skill enhancement programs, and direct developmental benefits."
National Welfare Scheme 451 (Health),Health,Ministry of Health and Family Welfare,Maharashtra,Provides financial grants and support resources for the health sector.,"This scheme aims to empower eligible citizens under the health domain by offering structured monetary assistance, skill enhancement programs, and direct developmental benefits."
National Welfare Scheme 452 (Agriculture),Agriculture,Ministry of Finance,Maharashtra,Provides financial grants and support resources for the agriculture sector.,"This scheme aims to empower eligible citizens under the agriculture domain by offering structured monetary assistance, skill enhancement programs, and direct developmental benefits."
National Welfare Scheme 453 (Agriculture),Agriculture,Ministry of Health and Family Welfare,All India,Provides financial grants and support resources for the agriculture sector.,"This scheme aims to empower eligible citizens under the agriculture domain by offering structured monetary assistance, skill enhancement programs, and direct developmental benefits."
National Welfare Scheme 454 (Education),Education,Ministry of Agriculture & Farmers Welfare,Gujarat,Provides financial grants and support resources for the education sector.,"This scheme aims to empower eligible citizens under the education domain by offering structured monetary assistance, skill enhancement programs, and direct developmental benefits."
National Welfare Scheme 455 (Health),Health,Ministry of Education,All India,Provides financial grants and support resources for the health sector.,"This scheme aims to empower eligible citizens under the health domain by offering structured monetary assistance, skill enhancement programs, and direct developmental benefits."
National Welfare Scheme 456 (Education),Education,Ministry of Education,Karnataka,Provides financial grants and support resources for the education sector.,"This scheme aims to empower eligible citizens under the education domain by offering structured monetary assistance, skill enhancement programs, and direct developmental benefits."
National Welfare Scheme 457 (Education),Education,Ministry of Education,Gujarat,Provides financial grants and support resources for the education sector.,"This scheme aims to empower eligible citizens under the education domain by offering structured monetary assistance, skill enhancement programs, and direct developmental benefits."
National Welfare Scheme 458 (Finance),Finance,"Ministry of Micro, Small and Medium Enterprises",Bihar,Provides financial grants and support resources for the finance sector.,"This scheme aims to empower eligible citizens under the finance domain by offering structured monetary assistance, skill enhancement programs, and direct developmental benefits."
National Welfare Scheme 459 (Finance),Finance,Ministry of Agriculture & Farmers Welfare,All India,Provides financial grants and support resources for the finance sector.,"This scheme aims to empower eligible citizens under the finance domain by offering structured monetary assistance, skill enhancement programs, and direct developmental benefits."
National Welfare Scheme 460 (Education),Education,Ministry of Health and Family Welfare,Bihar,Provides financial grants and support resources for the education sector.,"This scheme aims to empower eligible citizens under the education domain by offering structured monetary assistance, skill enhancement programs, and direct developmental benefits."
National Welfare Scheme 461 (MSME),MSME,Ministry of Education,Maharashtra,Provides financial grants and support resources for the msme sector.,"This scheme aims to empower eligible citizens under the msme domain by offering structured monetary assistance, skill enhancement programs, and direct developmental benefits."
National Welfare Scheme 462 (Health),Health,Ministry of Education,Karnataka,Provides financial grants and support resources for the health sector.,"This scheme aims to empower eligible citizens under the health domain by offering structured monetary assistance, skill enhancement programs, and direct developmental benefits."
National Welfare Scheme 463 (Health),Health,Ministry of Health and Family Welfare,All India,Provides financial grants and support resources for the health sector.,"This scheme aims to empower eligible citizens under the health domain by offering structured monetary assistance, skill enhancement programs, and direct developmental benefits."
National Welfare Scheme 464 (MSME),MSME,Ministry of Education,Karnataka,Provides financial grants and support resources for the msme sector.,"This scheme aims to empower eligible citizens under the msme domain by offering structured monetary assistance, skill enhancement programs, and direct developmental benefits."
National Welfare Scheme 465 (Agriculture),Agriculture,Ministry of Finance,Maharashtra,Provides financial grants and support resources for the agriculture sector.,"This scheme aims to empower eligible citizens under the agriculture domain by offering structured monetary assistance, skill enhancement programs, and direct developmental benefits."
National Welfare Scheme 466 (Agriculture),Agriculture,"Ministry of Micro, Small and Medium Enterprises",Uttar Pradesh,Provides financial grants and support resources for the agriculture sector.,"This scheme aims to empower eligible citizens under the agriculture domain by offering structured monetary assistance, skill enhancement programs, and direct developmental benefits."
National Welfare Scheme 467 (Health),Health,Ministry of Health and Family Welfare,Karnataka,Provides financial grants and support resources for the health sector.,"This scheme aims to empower eligible citizens under the health domain by offering structured monetary assistance, skill enhancement programs, and direct developmental benefits."
National Welfare Scheme 468 (MSME),MSME,Ministry of Health and Family Welfare,Bihar,Provides financial grants and support resources for the msme sector.,"This scheme aims to empower eligible citizens under the msme domain by offering structured monetary assistance, skill enhancement programs, and direct developmental benefits."
National Welfare Scheme 469 (Agriculture),Agriculture,"Ministry of Micro, Small and Medium Enterprises",Uttar Pradesh,Provides financial grants and support resources for the agriculture sector.,"This scheme aims to empower eligible citizens under the agriculture domain by offering structured monetary assistance, skill enhancement programs, and direct developmental benefits."
National Welfare Scheme 470 (MSME),MSME,"Ministry of Micro, Small and Medium Enterprises",Gujarat,Provides financial grants and support resources for the msme sector.,"This scheme aims to empower eligible citizens under the msme domain by offering structured monetary assistance, skill enhancement programs, and direct developmental benefits."
National Welfare Scheme 471 (MSME),MSME,Ministry of Finance,Maharashtra,Provides financial grants and support resources for the msme sector.,"This scheme aims to empower eligible citizens under the msme domain by offering structured monetary assistance, skill enhancement programs, and direct developmental benefits."
National Welfare Scheme 472 (MSME),MSME,Ministry of Finance,Maharashtra,Provides financial grants and support resources for the msme sector.,"This scheme aims to empower eligible citizens under the msme domain by offering structured monetary assistance, skill enhancement programs, and direct developmental benefits."
National Welfare Scheme 473 (Education),Education,Ministry of Education,Karnataka,Provides financial grants and support resources for the education sector.,"This scheme aims to empower eligible citizens under the education domain by offering structured monetary assistance, skill enhancement programs, and direct developmental benefits."
National Welfare Scheme 474 (Agriculture),Agriculture,Ministry of Agriculture & Farmers Welfare,Karnataka,Provides financial grants and support resources for the agriculture sector.,"This scheme aims to empower eligible citizens under the agriculture domain by offering structured monetary assistance, skill enhancement programs, and direct developmental benefits."
National Welfare Scheme 475 (Agriculture),Agriculture,Ministry of Education,Karnataka,Provides financial grants and support resources for the agriculture sector.,"This scheme aims to empower eligible citizens under the agriculture domain by offering structured monetary assistance, skill enhancement programs, and direct developmental benefits."
National Welfare Scheme 476 (Agriculture),Agriculture,"Ministry of Micro, Small and Medium Enterprises",All India,Provides financial grants and support resources for the agriculture sector.,"This scheme aims to empower eligible citizens under the agriculture domain by offering structured monetary assistance, skill enhancement programs, and direct developmental benefits."
National Welfare Scheme 477 (MSME),MSME,Ministry of Agriculture & Farmers Welfare,Maharashtra,Provides financial grants and support resources for the msme sector.,"This scheme aims to empower eligible citizens under the msme domain by offering structured monetary assistance, skill enhancement programs, and direct developmental benefits."
National Welfare Scheme 478 (MSME),MSME,Ministry of Education,All India,Provides financial grants and support resources for the msme sector.,"This scheme aims to empower eligible citizens under the msme domain by offering structured monetary assistance, skill enhancement programs, and direct developmental benefits."
National Welfare Scheme 479 (Health),Health,Ministry of Health and Family Welfare,All India,Provides financial grants and support resources for the health sector.,"This scheme aims to empower eligible citizens under the health domain by offering structured monetary assistance, skill enhancement programs, and direct developmental benefits."
National Welfare Scheme 480 (Health),Health,Ministry of Health and Family Welfare,Gujarat,Provides financial grants and support resources for the health sector.,"This scheme aims to empower eligible citizens under the health domain by offering structured monetary assistance, skill enhancement programs, and direct developmental benefits."
National Welfare Scheme 481 (MSME),MSME,Ministry of Finance,Gujarat,Provides financial grants and support resources for the msme sector.,"This scheme aims to empower eligible citizens under the msme domain by offering structured monetary assistance, skill enhancement programs, and direct developmental benefits."
National Welfare Scheme 482 (Education),Education,Ministry of Agriculture & Farmers Welfare,Uttar Pradesh,Provides financial grants and support resources for the education sector.,"This scheme aims to empower eligible citizens under the education domain by offering structured monetary assistance, skill enhancement programs, and direct developmental benefits."
National Welfare Scheme 483 (Education),Education,Ministry of Finance,Gujarat,Provides financial grants and support resources for the education sector.,"This scheme aims to empower eligible citizens under the education domain by offering structured monetary assistance, skill enhancement programs, and direct developmental benefits."
National Welfare Scheme 484 (MSME),MSME,"Ministry of Micro, Small and Medium Enterprises",Maharashtra,Provides financial grants and support resources for the msme sector.,"This scheme aims to empower eligible citizens under the msme domain by offering structured monetary assistance, skill enhancement programs, and direct developmental benefits."
National Welfare Scheme 485 (Finance),Finance,"Ministry of Micro, Small and Medium Enterprises",Gujarat,Provides financial grants and support resources for the finance sector.,"This scheme aims to empower eligible citizens under the finance domain by offering structured monetary assistance, skill enhancement programs, and direct developmental benefits."
National Welfare Scheme 486 (Agriculture),Agriculture,"Ministry of Micro, Small and Medium Enterprises",All India,Provides financial grants and support resources for the agriculture sector.,"This scheme aims to empower eligible citizens under the agriculture domain by offering structured monetary assistance, skill enhancement programs, and direct developmental benefits."
National Welfare Scheme 487 (Education),Education,Ministry of Agriculture & Farmers Welfare,Karnataka,Provides financial grants and support resources for the education sector.,"This scheme aims to empower eligible citizens under the education domain by offering structured monetary assistance, skill enhancement programs, and direct developmental benefits."
National Welfare Scheme 488 (Finance),Finance,Ministry of Health and Family Welfare,All India,Provides financial grants and support resources for the finance sector.,"This scheme aims to empower eligible citizens under the finance domain by offering structured monetary assistance, skill enhancement programs, and direct developmental benefits."
National Welfare Scheme 489 (Finance),Finance,"Ministry of Micro, Small and Medium Enterprises",Uttar Pradesh,Provides financial grants and support resources for the finance sector.,"This scheme aims to empower eligible citizens under the finance domain by offering structured monetary assistance, skill enhancement programs, and direct developmental benefits."
National Welfare Scheme 490 (MSME),MSME,Ministry of Finance,Uttar Pradesh,Provides financial grants and support resources for the msme sector.,"This scheme aims to empower eligible citizens under the msme domain by offering structured monetary assistance, skill enhancement programs, and direct developmental benefits."
National Welfare Scheme 491 (Agriculture),Agriculture,"Ministry of Micro, Small and Medium Enterprises",Gujarat,Provides financial grants and support resources for the agriculture sector.,"This scheme aims to empower eligible citizens under the agriculture domain by offering structured monetary assistance, skill enhancement programs, and direct developmental benefits."
National Welfare Scheme 492 (MSME),MSME,Ministry of Finance,Bihar,Provides financial grants and support resources for the msme sector.,"This scheme aims to empower eligible citizens under the msme domain by offering structured monetary assistance, skill enhancement programs, and direct developmental benefits."
National Welfare Scheme 493 (Education),Education,"Ministry of Micro, Small and Medium Enterprises",Karnataka,Provides financial grants and support resources for the education sector.,"This scheme aims to empower eligible citizens under the education domain by offering structured monetary assistance, skill enhancement programs, and direct developmental benefits."
National Welfare Scheme 494 (Finance),Finance,Ministry of Finance,Bihar,Provides financial grants and support resources for the finance sector.,"This scheme aims to empower eligible citizens under the finance domain by offering structured monetary assistance, skill enhancement programs, and direct developmental benefits."
National Welfare Scheme 495 (Finance),Finance,Ministry of Education,Maharashtra,Provides financial grants and support resources for the finance sector.,"This scheme aims to empower eligible citizens under the finance domain by offering structured monetary assistance, skill enhancement programs, and direct developmental benefits."
National Welfare Scheme 496 (Agriculture),Agriculture,Ministry of Agriculture & Farmers Welfare,All India,Provides financial grants and support resources for the agriculture sector.,"This scheme aims to empower eligible citizens under the agriculture domain by offering structured monetary assistance, skill enhancement programs, and direct developmental benefits."
National Welfare Scheme 497 (Finance),Finance,Ministry of Education,Gujarat,Provides financial grants and support resources for the finance sector.,"This scheme aims to empower eligible citizens under the finance domain by offering structured monetary assistance, skill enhancement programs, and direct developmental benefits."
National Welfare Scheme 498 (Finance),Finance,Ministry of Education,All India,Provides financial grants and support resources for the finance sector.,"This scheme aims to empower eligible citizens under the finance domain by offering structured monetary assistance, skill enhancement programs, and direct developmental benefits."
National Welfare Scheme 499 (Agriculture),Agriculture,Ministry of Health and Family Welfare,Gujarat,Provides financial grants and support resources for the agriculture sector.,"This scheme aims to empower eligible citizens under the agriculture domain by offering structured monetary assistance, skill enhancement programs, and direct developmental benefits."
National Welfare Scheme 500 (Finance),Finance,Ministry of Finance,All India,Provides financial grants and support resources for the finance sector.,"This scheme aims to empower eligible citizens under the finance domain by offering structured monetary assistance, skill enhancement programs, and direct developmental benefits."
